Program Data,,,,,,,,,,,,,,,,,,,,,,,,,,,,,,,,,,,,,,,,,,,,,,,,,,,,,,,,,,,,,,,,,,,,,,,,,,,,
Fiscal Year,State,Status,Age 0 18,21 and under,Age 19 24,22 - 40,Age 25 40,41 - 64,65 and over,Total,Females,Males,Total,Hispanic or Latino,American Indian or Alaskan Native,Asian,Black or African American,Native Hawaiian or Other Pacific Islander,White,Two or more races,Race/ethnicity unknown,Acquired Brain Inj,Add Adhd,AIDS/HIV positive,Absense of extremities,Arthritis,Anxiety Disorder,Autism,Autoimmune,Blindness,Other visual impairments,Cancer,Cerebral Palsy,Deafness,Hard of hearing,Deaf-blind,Diabetes,Mental retardation,Digestive disorders,Epilepsy,Heart and other circulatory conditions,Intellectual Disability,Mental illness,Multiple Sclerosis,Muscular Dystrophy,Muscular Skeletal,Neurological disorders,Orthopedic impairments,Personality Disorders,Genitourinary conditions,Respiratory disorders,Skin Conditions,Specific learning disabilities,Speech Impairments,Spina Bifida,Substance abuse,All other disabilities,Traumatic brain injury,Disabilities not known,Total Disability (2015 and later),Total Disability (2014 and earlier),Applicant of VR,Individual eligible for VR services currently on a wait list,Individual eligible for VR services not currently on a wait list,Applicant or individual eligible for Independent Living,Transition student/High school student,All other applicants or individuals eligible for other programs or projects,Applicants of VR Program (<=FY2014),Clients of VR Program (<=FY2014),Applicants or clients of IL Program (<=FY2014),Applicants/clients of other programs/projects funded under the Act (<=FY2014),VR agency only (<=FY2014),Other Rehabilitation Act sources only (<=FY2014),Both VR agency and other Rehabilitation Act sources (<=FY2014),Employer (<=FY2014),Transportation (<=FY2014)
2011,Arkansas,Published,—,12,—,11,—,14,0,37,17,20,37,0,0,0,15,0,20,2,0,—,—,0,1,—,—,—,—,0,2,—,—,0,0,0,—,2,0,—,1,—,7,—,—,—,3,5,—,1,1,—,7,0,—,1,5,1,0,37,—,—,—,—,—,—,—,8,29,0,0,31,3,3,0,0
2011,Connecticut,Published,—,6,—,17,—,33,2,58,25,33,58,3,0,0,7,0,48,0,0,—,—,0,0,—,—,—,—,0,2,—,—,0,6,0,—,0,0,—,0,—,15,—,—,—,10,9,—,0,0,—,10,1,—,0,0,4,1,58,—,—,—,—,—,—,—,11,44,2,1,51,1,3,3,0
2011,Delaware,Published,—,0,—,10,—,10,0,20,11,9,20,1,0,0,10,0,9,0,0,—,—,0,0,—,—,—,—,1,2,—,—,0,0,0,—,0,0,—,1,—,6,—,—,—,1,5,—,0,0,—,2,0,—,1,1,0,0,20,—,—,—,—,—,—,—,0,11,0,1,9,2,1,0,0
2011,Florida,Published,—,64,—,76,—,168,9,317,152,165,317,37,4,2,87,0,184,3,0,—,—,1,2,—,—,—,—,25,9,—,—,6,8,2,—,11,6,—,7,—,71,—,—,—,22,60,—,0,5,—,36,0,—,4,36,6,0,317,—,—,—,—,—,—,—,120,200,1,1,302,2,12,2,0
2011,Idaho,Published,—,3,—,21,—,35,1,60,22,38,60,6,2,1,1,0,50,0,0,—,—,0,0,—,—,—,—,0,0,—,—,3,2,0,—,3,0,—,2,—,27,—,—,—,8,0,—,0,0,—,1,0,—,1,4,9,0,60,—,—,—,—,—,—,—,15,40,6,1,50,6,4,0,0
2011,Iowa,Published,—,3,—,5,—,25,1,34,15,19,34,1,1,0,2,0,30,0,0,—,—,0,1,—,—,—,—,1,0,—,—,2,2,0,—,0,3,—,0,—,11,—,—,—,2,5,—,0,1,—,1,1,—,0,0,3,1,34,—,—,—,—,—,—,—,1,32,1,1,32,1,2,0,0
2011,Kentucky,Published,—,8,—,24,—,29,1,62,29,33,62,0,1,0,13,0,48,0,0,—,—,0,0,—,—,—,—,1,7,—,—,3,6,0,—,1,0,—,1,—,15,—,—,—,3,15,—,0,2,—,4,0,—,2,0,2,0,62,—,—,—,—,—,—,—,14,48,0,0,62,0,0,0,0
2011,Maine,Published,—,16,—,34,—,40,2,92,49,43,92,2,1,1,2,0,86,0,0,—,—,0,0,—,—,—,—,2,2,—,—,3,1,2,—,7,0,—,2,—,36,—,—,—,0,9,—,0,1,—,16,0,—,0,5,6,0,92,—,—,—,—,—,—,—,5,88,1,0,91,1,0,0,0
2011,Massachusetts,Published,—,10,—,68,—,58,1,137,72,65,137,11,1,5,18,0,89,0,13,—,—,0,0,—,—,—,—,6,2,—,—,7,1,2,—,3,0,—,1,—,39,—,—,—,7,11,—,0,0,—,29,0,—,2,15,6,6,137,—,—,—,—,—,—,—,4,136,9,0,140,6,3,0,0
2011,Minnesota,Published,—,6,—,32,—,70,0,108,32,76,108,0,0,3,18,0,81,0,6,—,—,0,0,—,—,—,—,8,2,—,—,5,0,0,—,3,0,—,1,—,34,—,—,—,5,21,—,0,1,—,8,0,—,0,6,8,6,108,—,—,—,—,—,—,—,28,78,6,7,67,7,30,4,0
2011,Missouri,Published,—,12,—,25,—,52,1,90,41,49,90,0,3,0,38,0,47,2,0,—,—,1,1,—,—,—,—,14,2,—,—,3,0,0,—,2,0,—,2,—,23,—,—,—,10,16,—,1,1,—,4,0,—,1,6,3,0,90,—,—,—,—,—,—,—,22,68,0,0,88,2,0,0,0
2011,Nebraska,Published,—,5,—,11,—,23,2,41,21,20,41,2,2,2,4,0,30,0,1,—,—,0,0,—,—,—,—,7,0,—,—,1,0,0,—,1,0,—,0,—,15,—,—,—,0,8,—,0,1,—,2,1,—,2,1,2,0,41,—,—,—,—,—,—,—,5,37,1,0,42,1,0,0,0
2011,New Jersey,Published,—,13,—,35,—,63,6,117,58,59,117,15,0,1,31,0,67,0,3,—,—,0,2,—,—,—,—,8,11,—,—,7,4,0,—,1,0,—,2,—,29,—,—,—,13,16,—,1,1,—,15,1,—,1,2,3,0,117,—,—,—,—,—,—,—,12,103,0,2,110,2,5,0,0
2011,New Mexico,Published,—,2,—,10,—,11,1,24,16,8,24,12,0,0,2,0,10,0,0,—,—,0,0,—,—,—,—,2,0,—,—,1,1,0,—,7,0,—,0,—,5,—,—,—,1,3,—,0,1,—,2,0,—,0,1,0,0,24,—,—,—,—,—,—,—,10,13,0,1,17,2,5,0,0
2011,New York,Published,—,71,—,254,—,474,15,814,357,457,814,71,7,9,360,2,309,0,23,—,—,28,2,—,—,—,—,30,11,—,—,26,16,1,—,6,1,—,12,—,239,—,—,—,85,115,—,2,4,—,106,4,—,54,32,36,4,814,—,—,—,—,—,—,—,163,440,105,112,715,15,65,16,0
2011,North Carolina,Published,—,17,—,57,—,79,6,159,83,76,159,2,3,1,69,0,84,0,0,—,—,0,1,—,—,—,—,9,12,—,—,3,5,0,—,7,0,—,3,—,38,—,—,—,12,47,—,2,2,—,4,1,—,6,4,3,0,159,—,—,—,—,—,—,—,31,120,8,0,159,0,0,0,0
2011,Oregon,Published,—,3,—,5,—,27,3,38,18,20,38,1,1,0,1,0,34,1,0,—,—,0,0,—,—,—,—,0,1,—,—,0,0,0,—,2,0,—,1,—,14,—,—,—,1,13,—,0,0,—,4,0,—,0,1,1,0,38,—,—,—,—,—,—,—,4,34,0,0,37,0,1,0,0
2011,South Carolina,Published,—,15,—,71,—,115,3,204,93,111,204,0,1,1,127,0,75,0,0,—,—,1,2,—,—,—,—,11,13,—,—,2,5,0,—,3,1,—,8,—,47,—,—,—,18,39,—,1,3,—,15,0,—,23,6,6,0,204,—,—,—,—,—,—,—,39,179,4,5,196,5,1,1,0
2011,South Dakota,Published,—,2,—,9,—,22,0,33,21,12,33,0,7,0,0,0,26,0,0,—,—,0,0,—,—,—,—,0,0,—,—,1,0,0,—,1,0,—,2,—,10,—,—,—,1,14,—,0,1,—,3,0,—,0,0,0,0,33,—,—,—,—,—,—,—,20,11,2,0,31,1,1,0,0
2011,Texas,Published,—,34,—,144,—,244,5,427,202,225,427,85,4,10,117,1,207,3,0,—,—,0,10,—,—,—,—,33,31,—,—,19,17,2,—,22,1,—,12,—,105,—,—,—,23,92,—,3,3,—,31,5,—,4,0,14,0,427,—,—,—,—,—,—,—,117,311,6,0,389,1,41,0,0
2011,Vermont,Published,—,3,—,18,—,54,2,77,39,38,77,2,0,2,2,0,66,0,5,—,—,1,0,—,—,—,—,3,3,—,—,0,2,0,—,7,0,—,1,—,31,—,—,—,6,8,—,0,0,—,3,0,—,1,4,2,5,77,—,—,—,—,—,—,—,7,61,11,5,63,37,0,0,0
2011,Virginia,Published,—,18,—,14,—,24,3,59,30,29,59,2,0,1,17,0,37,0,2,—,—,0,0,—,—,—,—,1,7,—,—,1,1,0,—,4,1,—,0,—,16,—,—,—,11,5,—,0,1,—,6,1,—,0,0,4,0,59,—,—,—,—,—,—,—,24,29,0,6,47,6,3,3,0
2011,Washington,Published,—,13,—,80,—,131,8,232,112,120,232,33,17,15,5,19,146,3,0,—,—,5,0,—,—,—,—,4,6,—,—,9,2,1,—,6,3,—,10,—,94,—,—,—,14,36,—,0,1,—,16,0,—,2,4,15,4,232,—,—,—,—,—,—,—,33,216,18,0,222,0,6,1,0
2011,Alabama,Published,—,1,—,11,—,9,0,21,10,11,21,0,0,0,8,0,12,0,1,—,—,0,0,—,—,—,—,1,1,—,—,3,0,0,—,1,0,—,0,—,4,—,—,—,2,5,—,0,0,—,2,1,—,0,0,1,0,21,—,—,—,—,—,—,—,3,18,0,0,19,1,1,1,0
2011,Alaska,Published,—,3,—,17,—,45,1,66,29,37,66,4,13,1,6,0,42,0,0,—,—,0,1,—,—,—,—,2,2,—,—,1,1,0,—,0,0,—,3,—,14,—,—,—,4,13,—,0,0,—,7,0,—,6,11,1,0,66,—,—,—,—,—,—,—,23,42,1,6,56,1,9,2,0
2011,American Samoa,Published,—,3,—,3,—,9,6,21,7,14,21,0,0,0,0,19,1,0,0,—,—,0,0,—,—,—,—,1,0,—,—,2,1,0,—,2,0,—,0,—,0,—,—,—,0,1,—,0,0,—,2,4,—,0,8,0,0,21,—,—,—,—,—,—,—,8,12,0,2,13,0,8,6,2
2011,Arizona,Published,—,12,—,33,—,39,5,89,48,41,89,12,2,0,9,0,63,3,0,—,—,0,0,—,—,—,—,5,5,—,—,9,3,0,—,0,0,—,1,—,17,—,—,—,5,7,—,0,1,—,1,0,—,0,34,1,0,89,—,—,—,—,—,—,—,20,69,0,0,74,5,10,0,0
2011,California,Published,—,20,—,241,—,632,17,910,458,452,910,115,15,27,205,43,462,26,15,—,—,15,3,—,—,—,—,45,35,—,—,21,23,1,—,2,2,—,20,—,333,—,—,—,41,175,—,0,7,—,91,0,—,21,44,31,0,910,—,—,—,—,—,—,—,227,703,1,6,862,23,6,1,1
2011,Colorado,Published,—,1,—,8,—,21,0,30,14,16,30,1,0,1,3,0,25,0,0,—,—,0,0,—,—,—,—,0,0,—,—,2,2,0,—,0,0,—,1,—,10,—,—,—,1,7,—,0,1,—,3,0,—,0,0,3,0,30,—,—,—,—,—,—,—,2,27,3,0,28,3,1,0,0
2011,District of Columbia,Published,—,5,—,9,—,19,2,35,16,19,35,2,0,0,23,0,9,0,1,—,—,1,1,—,—,—,—,4,1,—,—,2,1,0,—,0,0,—,0,—,9,—,—,—,4,1,—,0,0,—,7,1,—,3,0,0,0,35,—,—,—,—,—,—,—,3,31,1,0,35,0,0,0,0
2011,Georgia,Published,—,28,—,35,—,70,1,134,73,61,134,1,0,3,63,0,67,0,0,—,—,0,2,—,—,—,—,30,6,—,—,9,0,0,—,5,1,—,0,—,19,—,—,—,17,24,—,0,2,—,10,0,—,0,3,6,0,134,—,—,—,—,—,—,—,131,133,1,0,128,0,6,1,0
2011,Guam,Published,—,4,—,15,—,28,1,48,16,32,48,1,0,9,2,30,4,1,0,—,—,0,0,—,—,—,—,7,1,—,—,1,0,0,—,8,0,—,1,—,11,—,—,—,4,9,—,0,0,—,2,0,—,2,0,2,0,48,—,—,—,—,—,—,—,18,26,3,1,32,9,7,5,1
2011,Hawaii,Published,—,43,—,10,—,25,1,79,25,54,79,2,0,15,3,39,20,0,0,—,—,0,0,—,—,—,—,7,0,—,—,2,0,0,—,13,0,—,0,—,13,—,—,—,8,7,—,0,0,—,10,0,—,0,17,2,0,79,—,—,—,—,—,—,—,32,35,1,11,65,8,5,1,0
2011,Illinois,Published,—,15,—,53,—,62,2,132,60,72,132,5,0,0,30,0,65,0,32,—,—,0,0,—,—,—,—,9,8,—,—,6,2,0,—,18,4,—,2,—,24,—,—,—,2,22,—,0,1,—,17,0,—,0,9,6,2,132,—,—,—,—,—,—,—,31,100,1,0,128,2,2,0,0
2011,Indiana,Published,—,9,—,24,—,37,7,77,31,46,77,0,0,1,16,0,60,0,0,—,—,0,0,—,—,—,—,4,4,—,—,5,12,0,—,4,0,—,0,—,16,—,—,—,4,10,—,0,1,—,10,0,—,0,6,1,0,77,—,—,—,—,—,—,—,31,46,0,0,76,0,1,0,0
2011,Kansas,Published,—,12,—,51,—,64,3,130,68,62,130,11,1,0,28,0,82,3,5,—,—,0,1,—,—,—,—,4,1,—,—,5,1,0,—,7,1,—,2,—,45,—,—,—,8,20,—,0,1,—,5,1,—,1,20,7,0,130,—,—,—,—,—,—,—,38,82,7,4,100,9,15,6,0
2011,Louisiana,Published,—,43,—,60,—,0,3,106,50,56,106,1,0,2,50,0,49,3,0,—,—,0,1,—,—,—,—,2,4,—,—,4,2,0,—,26,3,—,7,—,0,—,—,—,8,35,—,0,2,—,8,0,—,0,0,4,0,106,—,—,—,—,—,—,—,25,81,0,0,68,0,38,0,0
2011,Maryland,Published,—,18,—,44,—,79,3,144,73,71,144,3,1,1,82,0,54,0,3,—,—,1,2,—,—,—,—,8,3,—,—,15,5,2,—,4,0,—,0,—,53,—,—,—,9,16,—,0,0,—,19,0,—,0,2,5,0,144,—,—,—,—,—,—,—,20,122,2,0,138,1,5,0,0
2011,Mississippi,Published,—,1,—,22,—,15,0,38,20,18,38,0,0,0,12,0,26,0,0,—,—,0,0,—,—,—,—,5,3,—,—,0,2,1,—,1,0,—,1,—,0,—,—,—,5,17,—,0,1,—,1,0,—,0,0,1,0,38,—,—,—,—,—,—,—,6,24,8,0,30,7,1,0,0
2011,Montana,Published,—,8,—,42,—,59,1,110,48,62,110,3,12,0,1,0,94,0,0,—,—,1,0,—,—,—,—,2,4,—,—,3,2,0,—,2,0,—,1,—,32,—,—,—,4,33,—,0,0,—,5,1,—,4,6,10,0,110,—,—,—,—,—,—,—,40,67,2,0,5,9,92,6,0
2011,Nevada,Published,—,2,—,11,—,12,2,27,12,15,27,4,1,0,8,1,13,0,0,—,—,0,0,—,—,—,—,3,2,—,—,0,0,0,—,1,0,—,1,—,12,—,—,—,1,4,—,0,0,—,1,0,—,0,2,0,0,27,—,—,—,—,—,—,—,1,26,0,0,27,0,0,0,0
2011,New Hampshire,Published,—,4,—,15,—,14,0,33,13,20,33,1,0,0,1,0,31,0,0,—,—,0,0,—,—,—,—,0,1,—,—,0,0,1,—,0,0,—,0,—,5,—,—,—,1,15,—,0,0,—,4,0,—,0,1,1,4,33,—,—,—,—,—,—,—,3,29,2,0,26,2,5,0,2
2011,North Dakota,Published,—,4,—,14,—,25,1,44,25,19,44,0,9,0,1,0,32,0,2,—,—,0,0,—,—,—,—,0,0,—,—,0,0,0,—,0,1,—,1,—,16,—,—,—,3,8,—,0,1,—,4,0,—,0,5,4,1,44,—,—,—,—,—,—,—,18,25,2,0,43,1,0,0,0
2011,Northern Marianas,Published,—,5,—,9,—,3,1,18,7,11,18,0,0,4,0,14,0,0,0,—,—,0,0,—,—,—,—,1,2,—,—,0,3,0,—,0,0,—,0,—,1,—,—,—,1,4,—,0,0,—,3,0,—,0,3,0,0,18,—,—,—,—,—,—,—,11,7,0,0,11,0,5,3,0
2011,Ohio,Published,—,13,—,50,—,93,9,165,87,78,165,4,0,0,23,0,117,1,5,—,—,2,1,—,—,—,—,7,9,—,—,3,4,0,—,9,0,—,1,—,56,—,—,—,10,28,—,1,2,—,19,0,—,0,4,6,3,165,—,—,—,—,—,—,—,53,109,2,4,115,10,24,19,0
2011,Oklahoma,Published,—,14,—,54,—,50,3,121,52,69,121,3,32,1,32,0,87,0,12,—,—,0,1,—,—,—,—,17,7,—,—,2,8,0,—,2,1,—,3,—,13,—,—,—,26,18,—,0,1,—,13,0,—,3,2,1,3,121,—,—,—,—,—,—,—,7,243,0,2,260,8,6,1,0
2011,Pennsylvania,Published,—,34,—,66,—,121,1,222,95,127,222,12,1,2,37,0,170,0,0,—,—,0,3,—,—,—,—,8,10,—,—,12,8,0,—,12,2,—,2,—,65,—,—,—,31,24,—,3,3,—,21,1,—,2,5,10,0,222,—,—,—,—,—,—,—,48,167,7,0,215,7,0,0,0
2011,Puerto Rico,Published,—,59,—,69,—,50,2,180,90,90,180,180,0,0,0,0,0,0,0,—,—,0,2,—,—,—,—,7,14,—,—,6,11,0,—,1,1,—,3,—,42,—,—,—,19,46,—,0,0,—,27,0,—,0,0,1,0,180,—,—,—,—,—,—,—,23,157,0,0,72,1,107,0,0
2011,Rhode Island,Published,—,5,—,18,—,32,3,58,22,36,58,6,0,0,6,0,43,1,2,—,—,1,0,—,—,—,—,1,1,—,—,4,3,0,—,8,0,—,1,—,12,—,—,—,2,13,—,0,0,—,3,0,—,0,7,2,0,58,—,—,—,—,—,—,—,13,42,2,1,39,2,5,12,0
2011,Tennessee,Published,—,13,—,27,—,40,4,84,49,35,84,3,0,1,28,0,51,0,1,—,—,0,0,—,—,—,—,1,3,—,—,2,2,1,—,2,1,—,1,—,22,—,—,—,13,8,—,0,3,—,8,0,—,0,13,4,0,84,—,—,—,—,—,—,—,28,58,1,0,84,0,0,0,0
2011,Utah,Published,—,20,—,80,—,123,3,226,94,132,226,19,1,1,6,2,192,0,5,—,—,0,2,—,—,—,—,3,2,—,—,6,3,0,—,7,1,—,0,—,85,—,—,—,3,69,—,0,1,—,22,0,—,10,0,12,0,226,—,—,—,—,—,—,—,75,150,4,2,0,0,0,0,0
2011,Virgin Islands,Published,—,7,—,5,—,14,0,26,10,16,26,3,1,0,20,0,1,1,0,—,—,0,0,—,—,—,—,1,0,—,—,1,2,0,—,1,0,—,2,—,7,—,—,—,3,6,—,0,0,—,3,0,—,0,0,0,0,26,—,—,—,—,—,—,—,12,13,0,1,7,3,12,4,0
2011,West Virginia,Published,—,4,—,16,—,16,4,40,18,22,40,1,1,0,2,0,36,0,0,—,—,1,0,—,—,—,—,0,2,—,—,4,0,0,—,0,0,—,2,—,10,—,—,—,2,9,—,0,0,—,2,1,—,0,7,0,0,40,—,—,—,—,—,—,—,12,24,2,2,39,4,0,1,0
2011,Wisconsin,Published,—,12,—,48,—,70,0,130,57,73,130,3,7,0,41,0,79,0,0,—,—,1,1,—,—,—,—,4,3,—,—,5,2,0,—,6,0,—,1,—,36,—,—,—,3,50,—,0,2,—,3,0,—,6,4,3,0,130,—,—,—,—,—,—,—,13,116,1,1,129,2,0,0,0
2011,Wyoming,Published,—,0,—,3,—,5,2,10,4,6,10,1,0,0,0,0,9,0,0,—,—,0,0,—,—,—,—,0,0,—,—,0,0,0,—,0,0,—,0,—,3,—,—,—,1,5,—,0,1,—,0,0,—,0,0,0,0,10,—,—,—,—,—,—,—,3,4,3,0,9,0,1,0,0
2011,Michigan,Published,—,16,—,37,—,114,4,171,67,104,171,5,0,1,88,0,76,0,1,—,—,0,0,—,—,—,—,3,3,—,—,3,7,0,—,7,0,—,3,—,54,—,—,—,12,38,—,0,5,—,15,1,—,12,2,6,0,171,—,—,—,—,—,—,—,39,131,1,0,161,2,8,0,0
2011,District of Columbia,Published,—,13,—,17,—,30,3,63,29,34,63,2,0,0,43,0,15,2,1,—,—,1,1,—,—,—,—,7,1,—,—,2,2,1,—,0,0,—,3,—,12,—,—,—,6,1,—,0,0,—,19,1,—,5,1,0,0,63,—,—,—,—,—,—,—,7,52,3,1,61,0,1,1,0
2012,Arkansas,Published,—,5,—,11,—,17,0,33,16,17,33,1,1,0,21,0,9,1,0,—,—,1,0,—,—,—,—,0,4,—,—,0,0,0,—,0,0,—,0,—,6,—,—,—,3,9,—,3,1,—,4,0,—,0,1,1,0,33,—,—,—,—,—,—,—,8,26,0,0,31,0,2,0,0
2012,Connecticut,Published,—,4,—,8,—,14,0,26,9,17,26,1,0,1,4,0,20,0,0,—,—,0,0,—,—,—,—,0,0,—,—,1,1,0,—,0,0,—,0,—,5,—,—,—,3,4,—,0,0,—,6,1,—,1,0,4,0,26,—,—,—,—,—,—,—,8,18,0,0,24,1,0,1,0
2012,Delaware,Published,—,2,—,4,—,20,0,26,11,15,26,1,1,0,7,0,7,0,1,—,—,0,1,—,—,—,—,1,1,—,—,0,1,0,—,0,0,—,1,—,7,—,—,—,0,11,—,0,0,—,2,0,—,1,0,0,0,26,—,—,—,—,—,—,—,1,16,0,0,14,0,3,0,0
2012,Florida,Published,—,53,—,78,—,128,4,263,123,140,263,38,2,5,75,0,139,2,2,—,—,1,0,—,—,—,—,9,14,—,—,5,8,1,—,9,5,—,8,—,85,—,—,—,28,48,—,0,3,—,29,0,—,3,0,7,0,263,—,—,—,—,—,—,—,105,152,2,4,250,4,7,4,0
2012,Idaho,Published,—,1,—,13,—,30,2,46,19,27,46,6,1,0,2,0,27,0,10,—,—,0,0,—,—,—,—,3,1,—,—,3,1,0,—,0,1,—,1,—,19,—,—,—,8,0,—,0,0,—,1,0,—,0,1,7,0,46,—,—,—,—,—,—,—,11,32,2,1,41,3,3,0,0
2012,Iowa,Published,—,5,—,4,—,20,0,29,14,15,29,0,1,0,3,0,23,0,2,—,—,0,0,—,—,—,—,0,0,—,—,1,1,0,—,1,1,—,0,—,11,—,—,—,1,3,—,0,1,—,4,0,—,0,0,3,2,29,—,—,—,—,—,—,—,3,23,2,1,25,2,1,1,0
2012,Kentucky,Published,—,8,—,29,—,18,1,56,28,28,56,0,0,0,9,0,47,0,0,—,—,0,0,—,—,—,—,11,3,—,—,3,2,0,—,0,0,—,0,—,18,—,—,—,1,9,—,0,1,—,3,0,—,1,0,4,0,56,—,—,—,—,—,—,—,8,47,1,0,55,1,0,0,0
2012,Maine,Published,—,8,—,31,—,45,3,87,35,52,87,2,2,0,6,0,77,0,0,—,—,0,0,—,—,—,—,1,2,—,—,1,3,2,—,4,0,—,1,—,47,—,—,—,1,5,—,0,1,—,8,0,—,0,7,4,0,87,—,—,—,—,—,—,—,7,80,0,0,87,0,0,0,0
2012,Massachusetts,Published,—,14,—,53,—,79,4,150,74,76,150,10,1,6,27,0,99,1,6,—,—,1,0,—,—,—,—,9,1,—,—,7,2,0,—,3,0,—,0,—,47,—,—,—,9,9,—,0,1,—,35,0,—,5,3,7,11,150,—,—,—,—,—,—,—,17,132,1,0,149,1,0,0,0
2012,Minnesota,Published,—,12,—,29,—,67,1,109,41,68,109,3,2,5,8,0,85,0,6,—,—,0,1,—,—,—,—,11,0,—,—,3,0,0,—,10,0,—,0,—,29,—,—,—,5,18,—,0,1,—,7,0,—,0,12,7,5,109,—,—,—,—,—,—,—,21,74,4,14,92,9,9,0,0
2012,Missouri,Published,—,7,—,21,—,34,1,63,25,38,63,0,0,2,26,33,2,0,0,—,—,0,0,—,—,—,—,11,3,—,—,0,1,0,—,1,0,—,3,—,23,—,—,—,5,12,—,0,0,—,2,1,—,0,0,1,0,63,—,—,—,—,—,—,—,13,50,0,0,63,0,0,0,0
2012,Nebraska,Published,—,3,—,15,—,31,1,50,18,32,50,1,0,0,3,0,46,0,0,—,—,1,1,—,—,—,—,4,0,—,—,1,0,1,—,1,0,—,1,—,13,—,—,—,4,13,—,0,0,—,3,1,—,3,1,2,0,50,—,—,—,—,—,—,—,4,45,1,0,49,1,0,0,0
2012,New Jersey,Published,—,7,—,34,—,58,5,104,48,56,104,7,0,1,29,0,65,0,2,—,—,1,1,—,—,—,—,9,13,—,—,10,5,0,—,1,0,—,0,—,24,—,—,—,11,12,—,1,0,—,9,0,—,1,2,4,0,104,—,—,—,—,—,—,—,12,90,0,2,97,3,4,0,0
2012,New Mexico,Published,—,3,—,9,—,21,2,35,19,16,35,17,2,1,1,0,14,0,0,—,—,0,0,—,—,—,—,2,0,—,—,6,1,1,—,1,0,—,0,—,7,—,—,—,3,6,—,0,1,—,2,0,—,0,1,4,0,35,—,—,—,—,—,—,—,15,17,0,3,27,3,5,0,0
2012,New York,Published,—,80,—,311,—,537,21,949,416,533,949,108,12,29,285,3,482,102,36,—,—,32,4,—,—,—,—,32,14,—,—,31,16,2,—,11,5,—,14,—,266,—,—,—,105,123,—,2,4,—,132,3,—,65,35,46,7,949,—,—,—,—,—,—,—,280,672,166,169,788,15,100,32,0
2012,North Carolina,Published,—,14,—,46,—,98,5,163,90,73,163,3,3,0,73,0,84,0,0,—,—,0,0,—,—,—,—,4,9,—,—,9,8,0,—,5,2,—,2,—,37,—,—,—,8,55,—,0,4,—,8,0,—,6,4,1,1,163,—,—,—,—,—,—,—,18,130,14,1,163,0,0,0,0
2012,Oregon,Published,—,1,—,11,—,39,3,54,25,29,54,3,2,2,2,0,44,1,0,—,—,0,0,—,—,—,—,0,1,—,—,4,1,0,—,3,0,—,0,—,15,—,—,—,4,19,—,0,0,—,3,0,—,0,4,0,0,54,—,—,—,—,—,—,—,5,49,0,0,55,0,0,0,0
2012,South Carolina,Published,—,19,—,61,—,93,8,181,92,89,181,1,0,0,94,0,86,0,0,—,—,0,2,—,—,—,—,9,18,—,—,5,9,1,—,1,1,—,5,—,39,—,—,—,14,35,—,1,1,—,18,1,—,11,2,8,0,181,—,—,—,—,—,—,—,28,154,0,0,180,0,1,0,0
2012,South Dakota,Published,—,3,—,8,—,26,2,39,18,21,39,4,11,0,0,0,23,1,0,—,—,0,0,—,—,—,—,0,2,—,—,0,0,0,—,1,0,—,1,—,10,—,—,—,3,15,—,0,2,—,4,0,—,0,0,1,0,39,—,—,—,—,—,—,—,20,15,4,0,35,3,1,0,0
2012,Texas,Published,—,31,—,134,—,236,8,409,201,208,409,79,2,13,115,1,197,2,0,—,—,2,6,—,—,—,—,30,24,—,—,21,10,2,—,20,3,—,16,—,125,—,—,—,29,79,—,3,4,—,20,3,—,3,0,9,0,409,—,—,—,—,—,—,—,106,295,11,0,395,0,13,1,0
2012,Vermont,Published,—,2,—,13,—,48,3,66,37,29,66,2,0,1,2,0,58,0,3,—,—,0,0,—,—,—,—,1,1,—,—,1,2,0,—,4,0,—,2,—,26,—,—,—,8,0,—,0,0,—,4,0,—,0,10,2,5,66,—,—,—,—,—,—,—,2,51,11,4,53,7,2,1,0
2012,Virginia,Published,—,9,—,11,—,29,2,51,27,24,51,3,0,1,25,0,20,1,1,—,—,0,0,—,—,—,—,2,6,—,—,0,2,0,—,5,0,—,0,—,15,—,—,—,8,6,—,0,1,—,2,1,—,0,0,3,0,51,—,—,—,—,—,—,—,16,36,0,7,49,7,0,4,0
2012,Washington,Published,—,11,—,69,—,119,12,211,93,118,211,11,21,9,49,5,123,5,5,—,—,0,0,—,—,—,—,11,7,—,—,14,3,2,—,12,0,—,8,—,75,—,—,—,21,19,—,1,0,—,15,0,—,9,1,10,3,211,—,—,—,—,—,—,—,71,137,14,3,185,8,14,8,0
2012,Alabama,Published,—,7,—,11,—,13,0,31,12,19,31,0,0,0,7,0,24,0,0,—,—,0,0,—,—,—,—,0,4,—,—,1,0,0,—,0,0,—,2,—,3,—,—,—,3,5,—,0,0,—,9,0,—,0,3,1,0,31,—,—,—,—,—,—,—,1,30,0,1,29,0,2,2,0
2012,Alaska,Published,—,1,—,12,—,22,0,35,18,17,35,1,7,1,0,0,24,1,1,—,—,0,1,—,—,—,—,1,0,—,—,1,1,1,—,3,0,—,2,—,9,—,—,—,1,7,—,0,0,—,3,0,—,1,3,1,0,35,—,—,—,—,—,—,—,7,28,0,0,33,1,1,0,0
2012,American Samoa,Published,—,0,—,3,—,6,4,13,8,5,13,0,0,0,0,11,2,0,0,—,—,0,0,—,—,—,—,0,0,—,—,0,0,0,—,0,0,—,0,—,0,—,—,—,0,2,—,0,0,—,0,1,—,1,0,0,9,13,—,—,—,—,—,—,—,9,9,0,0,9,0,8,1,2
2012,Arizona,Published,—,19,—,43,—,64,9,135,63,72,135,17,6,1,18,0,89,4,0,—,—,0,0,—,—,—,—,9,6,—,—,11,6,0,—,1,0,—,0,—,33,—,—,—,13,20,—,0,0,—,27,1,—,1,5,2,0,135,—,—,—,—,—,—,—,28,107,0,0,118,4,13,0,0
2012,California,Published,—,57,—,242,—,538,38,875,414,461,875,182,11,34,194,16,387,25,14,—,—,15,0,—,—,—,—,44,39,—,—,26,26,4,—,20,3,—,12,—,269,—,—,—,22,162,—,0,6,—,64,2,—,5,121,34,1,875,—,—,—,—,—,—,—,226,639,1,9,651,17,137,5,0
2012,Colorado,Published,—,0,—,7,—,27,2,36,18,18,36,4,0,1,7,0,24,0,0,—,—,0,0,—,—,—,—,0,0,—,—,2,3,0,—,0,0,—,0,—,10,—,—,—,1,12,—,0,0,—,3,0,—,0,0,5,0,36,—,—,—,—,—,—,—,3,32,1,0,34,1,1,0,0
2012,Georgia,Published,—,26,—,32,—,50,3,111,58,53,111,1,1,1,65,0,43,0,0,—,—,1,4,—,—,—,—,15,5,—,—,7,3,0,—,4,1,—,5,—,28,—,—,—,19,6,—,1,0,—,7,1,—,1,2,1,0,111,—,—,—,—,—,—,—,8,107,0,0,111,1,0,0,0
2012,Guam,Published,—,6,—,17,—,13,3,39,12,27,39,0,0,9,0,27,3,0,0,—,—,0,0,—,—,—,—,9,1,—,—,1,1,1,—,6,0,—,3,—,7,—,—,—,1,4,—,1,0,—,2,0,—,0,1,1,0,39,—,—,—,—,—,—,—,12,19,5,3,18,5,16,1,1
2012,Hawaii,Published,—,53,—,10,—,17,1,81,29,52,81,0,0,11,0,2,24,44,0,—,—,0,0,—,—,—,—,5,0,—,—,0,0,0,—,16,0,—,0,—,17,—,—,—,3,2,—,0,0,—,12,0,—,0,24,2,0,81,—,—,—,—,—,—,—,42,32,2,5,72,6,5,0,0
2012,Illinois,Published,—,14,—,45,—,73,3,135,66,69,135,11,0,2,35,1,62,3,21,—,—,0,1,—,—,—,—,9,9,—,—,6,4,0,—,20,2,—,1,—,28,—,—,—,5,22,—,1,2,—,15,1,—,0,8,1,0,135,—,—,—,—,—,—,—,76,59,0,0,131,1,3,0,0
2012,Indiana,Published,—,14,—,15,—,27,2,58,26,32,58,1,0,0,13,0,44,0,0,—,—,0,0,—,—,—,—,2,4,—,—,1,8,0,—,1,0,—,1,—,7,—,—,—,6,13,—,0,2,—,9,0,—,0,3,1,0,58,—,—,—,—,—,—,—,17,39,2,0,54,0,4,0,0
2012,Kansas,Published,—,12,—,31,—,47,2,92,51,41,92,8,2,0,18,0,60,2,2,—,—,0,0,—,—,—,—,5,0,—,—,0,2,0,—,3,2,—,1,—,36,—,—,—,5,11,—,0,0,—,2,2,—,0,19,4,0,92,—,—,—,—,—,—,—,15,68,5,5,73,10,6,4,0
2012,Louisiana,Published,—,25,—,5,—,47,1,78,30,48,78,2,0,1,30,0,44,1,0,—,—,0,2,—,—,—,—,4,4,—,—,3,2,0,—,1,1,—,3,—,20,—,—,—,10,21,—,0,0,—,3,0,—,0,0,4,0,78,—,—,—,—,—,—,—,20,57,1,0,46,0,32,0,0
2012,Maryland,Published,—,22,—,45,—,72,4,143,74,69,143,5,0,1,77,1,55,1,3,—,—,0,1,—,—,—,—,3,5,—,—,11,5,2,—,5,0,—,0,—,50,—,—,—,9,25,—,0,1,—,19,0,—,0,1,6,0,143,—,—,—,—,—,—,—,21,122,0,0,143,0,0,0,0
2012,Mississippi,Published,—,6,—,9,—,15,1,31,17,14,31,0,0,0,13,0,18,0,0,—,—,0,0,—,—,—,—,3,1,—,—,1,2,0,—,0,0,—,0,—,3,—,—,—,4,13,—,1,0,—,2,0,—,0,0,1,0,31,—,—,—,—,—,—,—,10,15,6,0,23,6,1,1,0
2012,Montana,Published,—,11,—,30,—,61,1,103,48,55,103,3,19,0,0,0,45,0,3,—,—,0,0,—,—,—,—,2,6,—,—,1,4,0,—,4,0,—,0,—,32,—,—,—,0,30,—,0,1,—,5,0,—,3,3,12,0,103,—,—,—,—,—,—,—,29,73,0,4,92,3,4,5,0
2012,Nevada,Published,—,5,—,17,—,35,2,59,31,28,59,6,4,1,15,0,31,0,2,—,—,0,0,—,—,—,—,3,7,—,—,1,1,1,—,0,0,—,4,—,16,—,—,—,2,11,—,0,0,—,3,0,—,4,2,4,0,59,—,—,—,—,—,—,—,4,54,0,0,57,0,2,1,0
2012,New Hampshire,Published,—,6,—,17,—,16,0,39,18,21,39,1,0,0,1,0,37,0,0,—,—,0,0,—,—,—,—,0,1,—,—,0,2,0,—,0,0,—,0,—,9,—,—,—,0,19,—,0,0,—,6,0,—,0,0,1,1,39,—,—,—,—,—,—,—,4,31,4,0,30,3,4,2,1
2012,North Dakota,Published,—,7,—,25,—,34,2,68,35,33,68,0,11,0,0,0,54,0,3,—,—,0,1,—,—,—,—,1,0,—,—,2,0,0,—,1,0,—,1,—,21,—,—,—,5,17,—,0,0,—,10,0,—,0,3,6,0,68,—,—,—,—,—,—,—,20,41,1,6,67,1,0,0,0
2012,Northern Marianas,Published,—,5,—,5,—,9,0,19,9,10,19,0,0,2,0,16,1,0,0,—,—,0,0,—,—,—,—,3,0,—,—,1,0,1,—,2,0,—,1,—,3,—,—,—,2,2,—,0,0,—,2,0,—,0,0,2,0,19,—,—,—,—,—,—,—,11,8,0,0,9,0,10,0,0
2012,Ohio,Published,—,14,—,46,—,120,2,182,87,95,182,5,1,0,49,0,125,2,0,—,—,1,0,—,—,—,—,9,11,—,—,2,8,1,—,8,0,—,8,—,61,—,—,—,9,23,—,0,5,—,24,0,—,0,5,5,2,182,—,—,—,—,—,—,—,38,133,0,11,119,10,26,27,0
2012,Oklahoma,Published,—,15,—,57,—,75,3,150,83,67,150,13,31,0,100,0,206,0,0,—,—,0,1,—,—,—,—,14,6,—,—,3,10,0,—,3,1,—,4,—,30,—,—,—,19,23,—,0,1,—,16,0,—,7,5,5,2,150,—,—,—,—,—,—,—,8,264,1,4,282,8,1,3,0
2012,Pennsylvania,Published,—,29,—,85,—,115,6,235,109,126,235,4,2,2,59,0,165,0,3,—,—,2,5,—,—,—,—,12,13,—,—,11,5,1,—,10,1,—,1,—,52,—,—,—,44,21,—,1,2,—,23,2,—,3,13,13,0,235,—,—,—,—,—,—,—,52,177,6,0,228,7,0,0,0
2012,Puerto Rico,Published,—,63,—,79,—,61,2,205,88,117,205,205,0,0,0,0,0,0,0,—,—,1,2,—,—,—,—,5,17,—,—,8,7,0,—,4,0,—,4,—,49,—,—,—,21,59,—,1,0,—,24,1,—,0,0,1,1,205,—,—,—,—,—,—,—,38,159,4,4,169,11,24,1,0
2012,Rhode Island,Published,—,5,—,19,—,32,4,60,25,35,60,8,0,1,4,0,47,0,0,—,—,0,0,—,—,—,—,1,2,—,—,4,2,0,—,8,0,—,1,—,14,—,—,—,3,13,—,0,0,—,5,0,—,0,4,3,0,60,—,—,—,—,—,—,—,7,45,3,5,35,8,7,10,0
2012,Tennessee,Published,—,14,—,28,—,25,3,70,37,33,70,0,0,0,25,0,30,0,15,—,—,0,1,—,—,—,—,3,1,—,—,2,5,1,—,2,0,—,0,—,21,—,—,—,7,8,—,0,0,—,13,0,—,0,3,3,0,70,—,—,—,—,—,—,—,10,60,2,0,70,0,0,0,0
2012,Utah,Published,—,33,—,101,—,134,5,273,109,164,273,28,1,0,4,0,230,0,9,—,—,0,0,—,—,—,—,2,0,—,—,4,3,1,—,9,1,—,1,—,97,—,—,—,9,80,—,0,1,—,38,0,—,19,0,8,0,273,—,—,—,—,—,—,—,109,161,5,2,259,4,12,0,0
2012,Virgin Islands,Published,—,3,—,3,—,13,0,19,7,12,19,5,0,0,13,0,1,0,0,—,—,0,0,—,—,—,—,1,1,—,—,0,2,0,—,0,0,—,1,—,2,—,—,—,1,8,—,0,1,—,2,0,—,0,0,0,0,19,—,—,—,—,—,—,—,10,3,6,0,2,9,8,5,0
2012,West Virginia,Published,—,2,—,8,—,18,2,30,14,16,30,1,0,0,3,0,25,1,0,—,—,0,0,—,—,—,—,0,3,—,—,1,0,0,—,1,0,—,1,—,8,—,—,—,2,6,—,0,0,—,1,1,—,0,6,0,0,30,—,—,—,—,—,—,—,6,23,0,1,29,1,0,0,0
2012,Wisconsin,Published,—,23,—,79,—,65,0,167,78,89,167,0,4,0,51,1,111,0,0,—,—,1,1,—,—,—,—,4,4,—,—,8,2,0,—,9,0,—,2,—,41,—,—,—,15,51,—,0,3,—,16,0,—,5,2,3,0,167,—,—,—,—,—,—,—,13,160,0,0,173,0,1,0,0
2012,Wyoming,Published,—,1,—,5,—,8,1,15,8,7,15,1,4,0,0,0,10,0,0,—,—,0,0,—,—,—,—,0,0,—,—,0,0,0,—,0,0,—,0,—,5,—,—,—,1,3,—,0,0,—,4,0,—,1,0,1,0,15,—,—,—,—,—,—,—,3,10,2,0,13,0,1,1,0
2012,Michigan,Published,—,11,—,39,—,105,3,158,71,87,158,2,1,2,83,0,63,0,7,—,—,0,0,—,—,—,—,6,2,—,—,2,4,0,—,7,0,—,2,—,49,—,—,—,8,32,—,0,4,—,15,2,—,18,4,3,0,158,—,—,—,—,—,—,—,27,132,0,1,140,2,17,0,0
2012,District of Columbia,Published,—,11,—,20,—,27,2,60,29,31,60,2,1,0,43,0,13,1,0,—,—,0,0,—,—,—,—,3,0,—,—,3,2,1,—,6,0,—,1,—,17,—,—,—,3,1,—,0,1,—,19,0,—,2,0,1,0,60,—,—,—,—,—,—,—,7,53,57,0,0,1,2,0,0
2013,Northern Marianas,Published,—,5,—,11,—,8,0,24,9,15,24,0,0,1,0,22,1,0,0,—,—,0,0,—,—,—,—,2,0,—,—,1,0,1,—,2,0,—,2,—,4,—,—,—,2,5,—,0,0,—,3,0,—,0,0,2,0,24,—,—,—,—,—,—,—,15,9,0,0,23,0,1,0,0
2013,Massachusetts,Published,—,16,—,32,—,66,1,115,67,48,115,5,1,1,31,0,76,0,1,—,—,0,1,—,—,—,—,6,1,—,—,2,3,0,—,2,0,—,1,—,32,—,—,—,8,10,—,0,0,—,23,0,—,2,10,10,4,115,—,—,—,—,—,—,—,14,101,0,0,115,0,0,0,0
2013,Alabama,Published,—,2,—,5,—,11,1,19,6,13,19,0,0,0,10,0,9,0,0,—,—,0,0,—,—,—,—,2,1,—,—,2,0,0,—,0,0,—,0,—,6,—,—,—,1,5,—,0,0,—,2,0,—,0,0,0,0,19,—,—,—,—,—,—,—,1,16,0,2,16,1,1,1,0
2013,Arkansas,Published,—,6,—,16,—,25,0,47,19,28,47,2,0,0,24,0,21,0,0,—,—,1,1,—,—,—,—,1,3,—,—,1,1,0,—,0,0,—,1,—,7,—,—,—,6,10,—,2,0,—,8,0,—,0,2,3,0,47,—,—,—,—,—,—,—,13,38,0,0,40,0,5,2,0
2013,American Samoa,Published,—,0,—,4,—,6,0,10,5,5,10,0,0,0,0,10,0,0,0,—,—,0,0,—,—,—,—,0,0,—,—,0,2,0,—,0,0,—,0,—,0,—,—,—,0,4,—,0,0,—,0,2,—,0,0,0,2,10,—,—,—,—,—,—,—,7,7,0,0,7,0,5,2,1
2013,Arizona,Published,—,20,—,34,—,64,6,124,72,52,124,21,5,0,19,0,75,4,0,—,—,0,0,—,—,—,—,9,6,—,—,8,5,0,—,2,0,—,0,—,31,—,—,—,13,14,—,0,0,—,25,0,—,1,7,3,0,124,—,—,—,—,—,—,—,20,104,0,0,114,5,5,0,0
2013,California,Published,—,85,—,298,—,629,42,"1,054",498,556,"1,054",191,19,32,238,41,468,33,24,—,—,10,4,—,—,—,—,53,43,—,—,25,24,2,—,30,0,—,25,—,302,—,—,—,32,178,—,1,3,—,86,3,—,0,192,41,0,"1,054",—,—,—,—,—,—,—,314,717,4,19,880,27,143,3,0
2013,Colorado,Published,—,0,—,3,—,28,1,32,17,15,32,5,0,0,2,0,25,0,0,—,—,0,1,—,—,—,—,2,1,—,—,2,0,0,—,0,0,—,0,—,7,—,—,—,3,8,—,0,0,—,2,0,—,0,0,6,0,32,—,—,—,—,—,—,—,2,28,2,0,30,2,1,0,0
2013,Connecticut,Published,—,7,—,13,—,19,2,41,19,22,41,4,0,2,3,0,32,0,0,—,—,0,0,—,—,—,—,0,0,—,—,2,1,0,—,1,0,—,1,—,6,—,—,—,6,9,—,0,0,—,8,1,—,0,0,5,1,41,—,—,—,—,—,—,—,11,30,0,0,38,0,2,1,0
2013,Delaware,Published,—,1,—,6,—,10,1,18,11,7,18,0,0,1,11,0,6,0,0,—,—,1,0,—,—,—,—,0,0,—,—,2,1,0,—,0,0,—,0,—,4,—,—,—,0,3,—,0,0,—,0,1,—,0,6,0,0,18,—,—,—,—,—,—,—,2,16,0,0,8,0,10,2,0
2013,Florida,Published,—,43,—,106,—,186,15,350,164,186,350,57,3,2,94,0,186,6,2,—,—,1,1,—,—,—,—,20,20,—,—,13,7,0,—,17,4,—,14,—,75,—,—,—,34,83,—,1,3,—,18,1,—,2,25,11,0,350,—,—,—,—,—,—,—,100,240,7,2,327,7,8,7,0
2013,Georgia,Published,—,26,—,32,—,50,3,111,58,53,111,1,1,1,65,0,43,0,0,—,—,1,4,—,—,—,—,15,5,—,—,7,3,0,—,4,1,—,5,—,28,—,—,—,19,6,—,1,0,—,7,1,—,1,0,1,2,111,—,—,—,—,—,—,—,8,107,0,0,111,1,0,0,0
2013,Guam,Published,—,4,—,23,—,13,3,43,14,29,43,0,0,15,0,23,3,2,0,—,—,0,0,—,—,—,—,7,2,—,—,1,1,1,—,6,0,—,1,—,10,—,—,—,0,6,—,0,2,—,4,0,—,0,0,2,0,43,—,—,—,—,—,—,—,10,28,5,0,35,5,3,0,3
2013,Hawaii,Published,—,46,—,23,—,20,1,90,35,55,90,3,0,19,1,8,21,38,0,—,—,1,0,—,—,—,—,5,0,—,—,2,0,0,—,9,0,—,1,—,23,—,—,—,5,1,—,0,0,—,17,0,—,0,24,2,0,90,—,—,—,—,—,—,—,49,34,0,10,71,9,12,1,0
2013,Iowa,Published,—,1,—,2,—,11,0,14,5,9,14,0,0,0,0,0,12,0,2,—,—,0,0,—,—,—,—,1,0,—,—,3,0,0,—,0,1,—,0,—,5,—,—,—,0,2,—,0,0,—,1,0,—,0,0,1,0,14,—,—,—,—,—,—,—,13,0,0,1,13,0,0,1,0
2013,Idaho,Published,—,1,—,9,—,28,1,39,20,19,39,0,2,0,0,0,31,0,6,—,—,0,0,—,—,—,—,1,0,—,—,0,0,0,—,2,1,—,2,—,18,—,—,—,5,4,—,0,1,—,1,0,—,0,1,3,0,39,—,—,—,—,—,—,—,13,20,7,2,32,6,0,0,0
2013,Illinois,Published,—,14,—,46,—,64,5,129,61,68,129,9,0,2,25,0,61,0,32,—,—,1,3,—,—,—,—,10,7,—,—,10,6,1,—,7,2,—,1,—,28,—,—,—,2,26,—,0,1,—,17,0,—,0,2,5,0,129,—,—,—,—,—,—,—,22,107,0,0,127,2,0,0,0
2013,Kansas,Published,—,7,—,29,—,44,1,81,38,43,81,4,3,0,23,0,47,1,3,—,—,0,0,—,—,—,—,4,1,—,—,6,1,0,—,0,0,—,4,—,37,—,—,—,6,6,—,1,0,—,3,1,—,0,10,1,0,81,—,—,—,—,—,—,—,11,67,1,2,70,1,7,4,0
2013,Kentucky,Published,—,7,—,19,—,22,1,49,18,31,49,2,0,0,13,0,34,0,0,—,—,0,0,—,—,—,—,7,1,—,—,3,2,0,—,0,0,—,0,—,12,—,—,—,7,8,—,0,0,—,3,0,—,1,1,4,0,49,—,—,—,—,—,—,—,8,41,0,0,49,0,0,0,0
2013,Louisiana,Published,—,3,—,21,—,35,2,61,37,24,61,1,2,0,24,0,33,1,0,—,—,0,0,—,—,—,—,2,3,—,—,2,3,0,—,1,0,—,0,—,12,—,—,—,4,24,—,0,1,—,8,0,—,0,0,1,0,61,—,—,—,—,—,—,—,0,55,5,1,32,1,26,2,0
2013,Maryland,Published,—,14,—,42,—,59,5,120,57,63,120,3,0,0,67,1,46,1,2,—,—,1,3,—,—,—,—,4,2,—,—,6,4,1,—,3,0,—,1,—,46,—,—,—,9,18,—,0,0,—,12,0,—,0,3,7,0,120,—,—,—,—,—,—,—,11,107,2,0,119,1,0,0,0
2013,Maine,Published,—,8,—,24,—,56,7,95,53,42,95,2,0,0,2,0,91,0,0,—,—,1,0,—,—,—,—,5,7,—,—,1,0,2,—,2,0,—,1,—,52,—,—,—,2,3,—,0,1,—,7,0,—,0,4,7,0,95,—,—,—,—,—,—,—,4,90,1,0,94,1,0,1,0
2013,Michigan,Published,—,7,—,38,—,89,3,137,69,68,137,3,1,2,73,0,55,0,3,—,—,1,0,—,—,—,—,5,6,—,—,3,3,0,—,2,0,—,1,—,53,—,—,—,8,25,—,0,1,—,12,1,—,13,0,3,0,137,—,—,—,—,—,—,—,20,116,0,1,125,0,12,0,0
2013,Minnesota,Published,—,14,—,29,—,79,1,123,48,75,123,0,6,6,12,0,82,1,9,—,—,0,0,—,—,—,—,14,1,—,—,1,0,0,—,11,0,—,0,—,31,—,—,—,8,16,—,0,0,—,9,0,—,0,19,7,6,123,—,—,—,—,—,—,—,22,84,4,13,55,8,52,8,0
2013,Missouri,Published,—,4,—,20,—,43,2,69,31,38,69,1,0,0,24,0,44,0,0,—,—,0,0,—,—,—,—,9,7,—,—,1,2,0,—,3,0,—,1,—,27,—,—,—,3,8,—,1,0,—,2,1,—,4,0,0,0,69,—,—,—,—,—,—,—,17,51,0,1,66,0,3,0,0
2013,Mississippi,Published,—,6,—,22,—,11,2,41,21,20,41,0,0,0,17,0,21,0,0,—,—,0,3,—,—,—,—,1,2,—,—,0,1,0,—,2,0,—,0,—,5,—,—,—,4,12,—,1,0,—,2,0,—,0,4,4,0,41,—,—,—,—,—,—,—,12,18,8,0,28,5,5,0,0
2013,Montana,Published,—,7,—,30,—,57,1,95,55,40,95,3,15,0,0,1,74,0,2,—,—,0,1,—,—,—,—,2,6,—,—,2,3,0,—,5,0,—,1,—,37,—,—,—,4,19,—,0,0,—,4,0,—,2,3,6,0,95,—,—,—,—,—,—,—,23,70,0,2,89,2,4,0,0
2013,North Carolina,Published,—,7,—,39,—,87,4,137,74,63,137,1,0,0,73,0,81,2,0,—,—,0,0,—,—,—,—,4,10,—,—,10,8,0,—,2,0,—,2,—,30,—,—,—,12,40,—,0,3,—,7,0,—,2,1,6,0,137,—,—,—,—,—,—,—,18,105,12,2,135,1,0,1,0
2013,North Dakota,Published,—,10,—,26,—,35,2,73,36,37,73,1,17,0,1,0,50,0,4,—,—,0,0,—,—,—,—,1,0,—,—,3,0,0,—,3,0,—,1,—,26,—,—,—,3,16,—,0,0,—,11,0,—,0,3,6,0,73,—,—,—,—,—,—,—,19,51,1,3,67,5,0,1,0
2013,Nebraska,Published,—,5,—,17,—,13,0,35,17,18,35,0,0,0,3,0,30,0,2,—,—,0,0,—,—,—,—,8,0,—,—,4,1,1,—,0,0,—,0,—,7,—,—,—,0,10,—,0,0,—,2,0,—,1,0,1,0,35,—,—,—,—,—,—,—,5,30,0,0,35,0,0,0,0
2013,New Hampshire,Published,—,4,—,10,—,17,0,31,14,17,31,1,0,0,0,1,29,0,0,—,—,1,0,—,—,—,—,1,1,—,—,0,0,0,—,0,0,—,2,—,6,—,—,—,2,10,—,0,1,—,6,0,—,0,0,0,1,31,—,—,—,—,—,—,—,2,28,0,1,25,1,5,0,0
2013,Nevada,Published,—,1,—,2,—,8,0,11,6,5,11,1,0,0,3,0,7,0,0,—,—,0,0,—,—,—,—,0,1,—,—,1,0,0,—,2,0,—,0,—,3,—,—,—,0,3,—,0,0,—,0,0,—,0,1,0,0,11,—,—,—,—,—,—,—,0,11,0,0,11,0,0,0,0
2013,New York,Published,—,59,—,249,—,347,14,669,304,365,669,14,1,10,37,0,76,1,20,—,—,6,8,—,—,—,—,30,7,—,—,10,8,0,—,4,3,—,0,—,176,—,—,—,91,88,—,0,0,—,151,0,—,59,19,9,0,669,—,—,—,—,—,—,—,43,111,22,20,130,7,24,3,0
2013,Ohio,Published,—,25,—,68,—,130,7,230,115,115,230,7,0,2,55,0,151,1,14,—,—,1,1,—,—,—,—,12,14,—,—,5,6,1,—,14,0,—,5,—,81,—,—,—,27,38,—,1,3,—,12,0,—,0,3,5,1,230,—,—,—,—,—,—,—,31,158,0,46,137,74,25,0,0
2013,Oklahoma,Published,—,6,—,21,—,30,1,58,30,28,58,8,25,0,42,1,112,0,3,—,—,0,0,—,—,—,—,7,6,—,—,0,3,0,—,0,0,—,1,—,7,—,—,—,10,8,—,0,1,—,8,0,—,2,4,0,1,58,—,—,—,—,—,—,—,28,156,0,5,179,4,2,4,0
2013,Oregon,Published,—,1,—,9,—,33,1,44,21,23,44,2,2,0,2,0,26,2,10,—,—,0,0,—,—,—,—,0,0,—,—,4,1,0,—,1,0,—,0,—,14,—,—,—,3,13,—,0,0,—,3,0,—,0,4,0,1,44,—,—,—,—,—,—,—,8,36,0,0,30,0,2,0,0
2013,Pennsylvania,Published,—,27,—,92,—,93,7,219,114,105,219,4,1,4,52,0,153,2,3,—,—,3,3,—,—,—,—,14,14,—,—,11,3,1,—,5,2,—,4,—,53,—,—,—,23,30,—,0,4,—,30,0,—,2,8,9,0,219,—,—,—,—,—,—,—,29,185,5,0,214,5,0,0,0
2013,Puerto Rico,Published,—,65,—,82,—,62,2,211,86,125,211,0,0,0,0,0,0,211,0,—,—,2,1,—,—,—,—,6,16,—,—,7,7,0,—,6,0,—,5,—,39,—,—,—,28,68,—,2,0,—,19,3,—,0,0,2,0,211,—,—,—,—,—,—,—,24,187,0,0,199,10,2,1,0
2013,South Carolina,Published,—,15,—,47,—,74,3,139,65,74,139,0,0,0,76,0,63,0,0,—,—,1,1,—,—,—,—,5,18,—,—,6,6,0,—,0,3,—,5,—,36,—,—,—,8,18,—,0,1,—,13,1,—,13,0,4,0,139,—,—,—,—,—,—,—,34,113,0,0,146,1,0,147,0
2013,South Dakota,Published,—,2,—,9,—,15,1,27,17,10,27,2,9,0,0,0,16,0,0,—,—,0,0,—,—,—,—,1,0,—,—,0,0,0,—,1,0,—,2,—,5,—,—,—,2,11,—,0,1,—,2,0,—,1,1,0,0,27,—,—,—,—,—,—,—,12,11,4,0,18,5,4,0,0
2013,Tennessee,Published,—,13,—,30,—,28,4,75,40,35,75,1,0,2,28,0,44,0,0,—,—,0,0,—,—,—,—,0,3,—,—,2,3,1,—,2,0,—,0,—,16,—,—,—,10,8,—,0,0,—,21,0,—,0,5,4,0,75,—,—,—,—,—,—,—,8,67,0,0,75,0,0,0,0
2013,Texas,Published,—,29,—,110,—,199,10,348,172,176,348,54,1,17,101,0,174,1,0,—,—,1,8,—,—,—,—,20,22,—,—,21,12,1,—,19,4,—,15,—,102,—,—,—,28,59,—,4,3,—,15,1,—,2,1,10,0,348,—,—,—,—,—,—,—,86,255,10,0,323,2,24,1,0
2013,Utah,Published,—,12,—,92,—,121,7,232,110,122,232,31,3,0,4,3,188,1,2,—,—,0,1,—,—,—,—,3,4,—,—,4,5,1,—,5,0,—,0,—,85,—,—,—,9,66,—,1,2,—,22,1,—,11,0,12,0,232,—,—,—,—,—,—,—,61,168,3,6,214,4,15,0,0
2013,Virgin Islands,Published,—,2,—,4,—,17,1,24,13,11,24,4,1,0,13,0,5,1,0,—,—,0,3,—,—,—,—,1,0,—,—,1,3,0,—,1,0,—,0,—,2,—,—,—,4,7,—,0,0,—,1,1,—,0,0,0,0,24,—,—,—,—,—,—,—,11,6,0,7,3,12,5,4,0
2013,Vermont,Published,—,0,—,15,—,38,7,60,32,28,60,1,0,0,2,1,50,0,6,—,—,0,0,—,—,—,—,2,2,—,—,1,0,1,—,3,0,—,1,—,24,—,—,—,2,5,—,0,0,—,5,0,—,0,8,4,2,60,—,—,—,—,—,—,—,2,54,6,5,57,6,4,0,0
2013,Washington,Published,—,14,—,51,—,127,15,207,101,106,207,12,13,8,45,4,126,1,0,—,—,1,0,—,—,—,—,8,7,—,—,16,9,1,—,3,0,—,4,—,66,—,—,—,27,29,—,1,1,—,19,0,—,5,2,8,0,207,—,—,—,—,—,—,—,50,172,6,0,201,0,9,0,0
2013,Wisconsin,Published,—,39,—,75,—,55,0,169,93,76,169,4,4,0,50,0,109,0,0,—,—,1,3,—,—,—,—,3,1,—,—,12,1,1,—,8,0,—,1,—,52,—,—,—,15,46,—,0,1,—,8,0,—,3,6,5,2,169,—,—,—,—,—,—,—,17,153,2,0,166,1,2,0,0
2013,West Virginia,Published,—,2,—,7,—,13,0,22,9,13,22,0,0,0,3,0,18,1,0,—,—,0,0,—,—,—,—,0,0,—,—,0,0,0,—,1,0,—,0,—,7,—,—,—,5,4,—,0,0,—,2,0,—,0,3,0,0,22,—,—,—,—,—,—,—,2,20,0,0,19,0,3,0,0
2013,Wyoming,Published,—,2,—,4,—,8,1,15,9,6,15,0,2,0,1,0,12,0,0,—,—,0,0,—,—,—,—,1,0,—,—,0,0,0,—,0,0,—,0,—,4,—,—,—,0,6,—,0,0,—,3,0,—,0,0,1,0,15,—,—,—,—,—,—,—,2,12,1,0,12,0,2,1,0
2013,Alaska,Published,—,0,—,8,—,15,0,23,8,15,23,1,3,0,2,1,14,1,1,—,—,0,2,—,—,—,—,2,0,—,—,3,1,2,—,1,0,—,0,—,5,—,—,—,0,4,—,0,0,—,0,0,—,0,1,2,0,23,—,—,—,—,—,—,—,12,12,1,0,21,0,2,0,0
2013,Indiana,Published,—,8,—,18,—,30,7,63,30,33,63,1,0,0,16,0,45,1,0,—,—,0,0,—,—,—,—,1,4,—,—,3,10,0,—,3,0,—,0,—,8,—,—,—,0,12,—,0,0,—,13,0,—,0,9,0,0,63,—,—,—,—,—,—,—,18,45,0,0,63,0,0,0,0
2013,New Jersey,Published,—,9,—,29,—,58,6,102,52,50,102,6,0,3,29,0,62,0,2,—,—,1,0,—,—,—,—,7,10,—,—,7,4,0,—,4,0,—,0,—,25,—,—,—,7,13,—,0,0,—,13,1,—,1,4,5,0,102,—,—,—,—,—,—,—,15,86,0,1,98,1,3,1,0
2013,New Mexico,Published,—,1,—,9,—,17,3,30,17,13,30,16,1,0,2,0,11,0,0,—,—,1,0,—,—,—,—,1,0,—,—,4,0,1,—,0,0,—,0,—,8,—,—,—,0,11,—,0,1,—,1,0,—,0,0,2,0,30,—,—,—,—,—,—,—,12,16,2,2,27,2,3,0,0
2013,Rhode Island,Published,—,4,—,15,—,19,2,40,15,25,40,7,0,0,0,0,33,0,0,—,—,0,0,—,—,—,—,2,1,—,—,1,1,0,—,7,0,—,1,—,7,—,—,—,3,10,—,0,0,—,1,0,—,0,3,3,0,40,—,—,—,—,—,—,—,6,27,2,5,24,6,6,4,0
2013,Virginia,Published,—,6,—,14,—,27,2,49,24,25,49,1,0,1,23,0,23,1,0,—,—,0,0,—,—,—,—,4,2,—,—,4,1,0,—,1,0,—,1,—,20,—,—,—,5,3,—,0,0,—,3,1,—,0,1,3,0,49,—,—,—,—,—,—,—,8,39,0,4,44,1,3,2,0
2013,District of Columbia,Published,—,8,—,11,—,19,3,41,16,25,41,2,0,1,29,0,8,1,0,—,—,2,2,—,—,—,—,6,0,—,—,0,0,1,—,1,0,—,1,—,6,—,—,—,0,4,—,0,0,—,13,1,—,3,0,1,0,41,—,—,—,—,—,—,—,9,30,0,2,31,3,5,2,0
2013,New York,Published,—,7,—,54,—,89,4,154,65,89,154,17,0,4,49,0,65,2,17,—,—,0,2,—,—,—,—,5,3,—,—,6,1,0,—,9,2,—,0,—,47,—,—,—,5,19,—,0,2,—,25,0,—,2,14,8,4,154,—,—,—,—,—,—,—,22,131,1,0,145,1,8,1,0
2013,Nevada,Published,—,2,—,5,—,22,0,29,15,14,29,2,0,0,6,0,20,1,0,—,—,0,0,—,—,—,—,1,2,—,—,0,1,0,—,0,0,—,0,—,5,—,—,—,0,12,—,0,0,—,7,0,—,0,0,1,0,29,—,—,—,—,—,—,—,5,23,1,0,24,2,2,1,0
2014,Northern Marianas,Published,—,2,—,7,—,6,0,15,8,7,15,0,0,3,0,11,1,1,0,—,—,0,0,—,—,—,—,1,0,—,—,1,0,0,—,0,0,—,2,—,3,—,—,—,2,3,—,0,0,—,1,0,—,0,0,2,0,15,0,—,—,—,—,—,—,10,0,0,5,15,0,0,0,0
2014,Massachusetts,Published,—,7,—,26,—,64,1,98,50,48,98,6,0,4,16,0,65,1,6,—,—,0,0,—,—,—,—,9,1,—,—,1,2,0,—,1,0,—,1,—,23,—,—,—,5,7,—,0,0,—,19,0,—,2,13,5,9,98,0,—,—,—,—,—,—,8,93,5,0,99,3,2,2,0
2014,Alabama,Published,—,1,—,4,—,8,0,13,6,7,13,0,0,0,5,0,8,0,0,—,—,0,1,—,—,—,—,2,1,—,—,1,0,0,—,1,0,—,0,—,0,—,—,—,0,3,—,0,3,—,0,0,—,0,0,1,0,13,0,—,—,—,—,—,—,2,11,0,0,13,0,0,0,0
2014,Arkansas,Published,—,3,—,14,—,14,0,31,13,18,31,0,1,0,13,0,15,1,1,—,—,0,0,—,—,—,—,1,1,—,—,0,1,0,—,0,0,—,1,—,7,—,—,—,0,6,—,0,0,—,7,1,—,0,3,3,0,31,28,—,—,—,—,—,—,2,29,0,0,22,3,6,4,0
2014,American Samoa,Published,—,0,—,4,—,6,0,10,7,3,10,0,0,0,0,10,0,0,0,—,—,0,0,—,—,—,—,0,2,—,—,0,2,0,—,0,0,—,0,—,0,—,—,—,0,6,—,0,0,—,0,0,—,0,0,0,0,10,0,—,—,—,—,—,—,5,3,2,0,4,0,6,22,0
2014,Arizona,Published,—,18,—,35,—,68,4,125,70,55,125,16,4,1,23,0,77,4,0,—,—,0,0,—,—,—,—,4,10,—,—,9,4,0,—,2,0,—,0,—,46,—,—,—,3,18,—,0,1,—,15,1,—,0,10,2,0,125,121,—,—,—,—,—,—,18,109,0,1,116,4,7,0,0
2014,California,Published,—,77,—,225,—,405,35,742,372,370,742,202,6,30,159,7,301,30,7,—,—,8,0,—,—,—,—,52,35,—,—,19,19,1,—,24,0,—,8,—,209,—,—,—,34,163,—,1,3,—,79,6,—,2,53,26,0,742,—,—,—,—,—,—,—,248,581,8,14,769,18,63,1,0
2014,Colorado,Published,—,0,—,9,—,14,3,26,12,14,26,2,0,0,3,0,21,0,0,—,—,0,1,—,—,—,—,0,1,—,—,1,4,0,—,1,0,—,0,—,5,—,—,—,1,5,—,0,0,—,3,0,—,0,1,3,0,26,0,—,—,—,—,—,—,0,25,1,0,25,1,1,0,0
2014,Connecticut,Published,—,5,—,7,—,24,3,39,23,16,39,2,0,1,10,0,26,0,0,—,—,0,1,—,—,—,—,1,0,—,—,2,3,0,—,1,0,—,1,—,3,—,—,—,5,12,—,0,0,—,4,0,—,1,3,2,0,39,0,—,—,—,—,—,—,13,26,2,0,37,0,3,1,0
2014,Delaware,Published,—,2,—,6,—,9,2,19,12,7,19,0,0,0,9,0,8,0,2,—,—,0,0,—,—,—,—,2,0,—,—,0,0,0,—,0,0,—,1,—,4,—,—,—,0,5,—,0,0,—,1,0,—,1,2,2,1,19,0,—,—,—,—,—,—,2,15,2,0,14,0,6,1,0
2014,Florida,Published,—,41,—,86,—,152,13,292,145,147,292,62,2,3,78,1,142,2,2,—,—,2,4,—,—,—,—,22,14,—,—,9,11,1,—,12,1,—,7,—,83,—,—,—,27,55,—,0,1,—,14,2,—,1,21,5,0,292,275,—,—,—,—,—,—,85,196,3,13,266,19,11,0,0
2014,Georgia,Published,—,82,—,36,—,41,1,160,92,68,160,2,0,3,63,1,85,0,6,—,—,2,1,—,—,—,—,17,6,—,—,10,3,2,—,1,2,—,4,—,21,—,—,—,27,10,—,0,1,—,31,0,—,1,1,0,20,160,0,—,—,—,—,—,—,10,150,0,5,147,2,2,0,0
2014,Guam,Published,—,4,—,14,—,12,3,33,7,26,33,0,0,11,0,22,0,0,0,—,—,0,0,—,—,—,—,4,3,—,—,1,0,0,—,6,0,—,0,—,9,—,—,—,0,5,—,0,0,—,4,0,—,1,0,0,0,33,39,—,—,—,—,—,—,13,20,0,0,39,0,0,5,6
2014,Hawaii,Published,—,31,—,20,—,23,3,77,41,36,77,3,0,19,2,2,18,33,0,—,—,0,0,—,—,—,—,3,0,—,—,3,0,0,—,9,0,—,3,—,23,—,—,—,0,3,—,0,0,—,12,0,—,0,18,3,0,77,65,—,—,—,—,—,—,39,34,1,3,62,6,7,2,0
2014,Iowa,Published,—,2,—,4,—,8,1,15,9,6,15,1,0,0,1,0,13,0,0,—,—,0,0,—,—,—,—,1,0,—,—,0,1,0,—,0,1,—,0,—,6,—,—,—,1,5,—,0,0,—,0,0,—,0,0,0,0,15,15,—,—,—,—,—,—,1,13,1,0,14,1,0,1,0
2014,Idaho,Published,—,0,—,5,—,25,1,31,12,19,31,2,3,0,0,1,25,0,0,—,—,0,0,—,—,—,—,1,1,—,—,0,0,0,—,2,0,—,0,—,12,—,—,—,2,10,—,0,0,—,0,0,—,0,1,2,0,31,27,—,—,—,—,—,—,12,15,3,1,27,2,2,0,0
2014,Illinois,Published,—,23,—,45,—,66,2,136,60,76,136,11,1,0,34,0,69,0,20,—,—,1,1,—,—,—,—,11,8,—,—,10,3,0,—,10,2,—,1,—,28,—,—,—,1,21,—,2,2,—,20,1,—,0,1,6,7,136,0,—,—,—,—,—,—,30,106,0,0,129,1,6,0,1
2014,Kansas,Published,—,3,—,36,—,48,1,88,38,50,88,6,3,0,20,0,56,0,3,—,—,0,0,—,—,—,—,4,1,—,—,4,1,0,—,3,2,—,4,—,33,—,—,—,4,7,—,1,1,—,4,0,—,1,15,3,0,88,81,—,—,—,—,—,—,19,65,2,3,71,4,8,5,0
2014,Kentucky,Published,—,4,—,22,—,24,2,52,26,26,52,1,0,0,10,0,41,0,0,—,—,1,0,—,—,—,—,7,2,—,—,4,3,0,—,1,0,—,0,—,12,—,—,—,3,9,—,1,1,—,3,0,—,0,1,4,0,52,0,—,—,—,—,—,—,9,43,0,0,52,0,0,0,0
2014,Louisiana,Published,—,5,—,33,—,51,0,89,46,43,89,3,2,0,47,0,36,1,0,—,—,1,0,—,—,—,—,4,7,—,—,3,4,0,—,8,0,—,3,—,14,—,—,—,12,27,—,0,0,—,2,2,—,0,0,2,0,89,79,—,—,—,—,—,—,13,73,3,0,50,2,35,2,0
2014,Maryland,Published,—,15,—,25,—,43,4,87,38,49,87,0,0,0,53,0,34,0,0,—,—,1,1,—,—,—,—,3,1,—,—,7,1,0,—,2,0,—,2,—,34,—,—,—,5,12,—,0,1,—,8,0,—,0,2,7,0,87,78,—,—,—,—,—,—,5,82,0,0,87,0,0,0,0
2014,Maine,Published,—,13,—,30,—,63,4,110,51,59,110,2,0,0,2,0,105,0,1,—,—,1,0,—,—,—,—,3,5,—,—,4,0,0,—,4,0,—,0,—,49,—,—,—,3,13,—,0,1,—,14,0,—,0,4,9,0,110,0,—,—,—,—,—,—,14,95,2,0,108,3,0,1,0
2014,Michigan,Published,—,3,—,26,—,53,5,87,38,49,87,1,1,0,48,0,33,0,4,—,—,0,0,—,—,—,—,6,4,—,—,0,1,0,—,0,0,—,1,—,36,—,—,—,5,20,—,0,1,—,9,1,—,3,0,0,0,87,87,—,—,—,—,—,—,11,74,1,1,77,1,9,0,0
2014,Minnesota,Published,—,10,—,16,—,50,1,77,29,48,77,4,3,2,8,0,51,2,7,—,—,0,0,—,—,—,—,9,0,—,—,3,0,0,—,6,0,—,0,—,21,—,—,—,4,10,—,0,0,—,2,1,—,0,16,4,1,77,0,—,—,—,—,—,—,14,53,6,8,39,6,27,5,0
2014,Missouri,Published,—,4,—,16,—,33,1,54,26,28,54,0,0,0,16,0,37,1,0,—,—,0,0,—,—,—,—,4,5,—,—,0,1,0,—,1,0,—,0,—,17,—,—,—,3,13,—,0,0,—,5,0,—,2,0,3,0,54,50,—,—,—,—,—,—,14,40,0,0,54,0,0,0,0
2014,Mississippi,Published,—,1,—,9,—,13,6,29,12,17,29,0,0,0,15,0,14,0,0,—,—,0,1,—,—,—,—,1,1,—,—,1,3,0,—,3,0,—,0,—,3,—,—,—,3,11,—,0,0,—,0,0,—,0,2,0,0,29,26,—,—,—,—,—,—,9,14,6,0,28,1,0,0,0
2014,Montana,Published,—,8,—,34,—,67,2,111,53,58,111,5,20,0,0,0,82,0,4,—,—,0,0,—,—,—,—,1,7,—,—,2,2,0,—,4,1,—,2,—,47,—,—,—,4,20,—,0,1,—,3,1,—,0,5,11,0,111,96,—,—,—,—,—,—,24,85,1,2,105,1,4,1,0
2014,North Carolina,Published,—,12,—,28,—,73,4,117,62,55,117,3,0,1,50,0,63,0,0,—,—,0,0,—,—,—,—,12,9,—,—,5,4,1,—,2,0,—,1,—,15,—,—,—,8,42,—,1,1,—,9,0,—,1,1,4,1,117,109,—,—,—,—,—,—,8,91,17,1,116,0,0,1,0
2014,North Dakota,Published,—,4,—,19,—,16,2,41,22,19,41,0,12,0,3,0,25,0,1,—,—,0,0,—,—,—,—,1,0,—,—,0,1,0,—,2,0,—,1,—,17,—,—,—,0,7,—,0,0,—,8,1,—,0,0,3,0,41,0,—,—,—,—,—,—,9,29,0,3,37,2,2,0,0
2014,Nebraska,Published,—,6,—,6,—,12,0,24,13,11,24,1,0,0,3,0,20,0,0,—,—,0,0,—,—,—,—,3,0,—,—,4,0,0,—,1,0,—,0,—,4,—,—,—,1,4,—,0,0,—,3,0,—,1,1,2,0,24,0,—,—,—,—,—,—,7,15,2,0,22,2,0,0,0
2014,New Hampshire,Published,—,0,—,16,—,12,0,28,14,14,28,0,0,0,1,0,10,0,17,—,—,0,0,—,—,—,—,0,0,—,—,0,1,1,—,3,0,—,0,—,4,—,—,—,3,2,—,0,1,—,1,0,—,1,0,2,9,28,0,—,—,—,—,—,—,0,27,0,1,27,0,0,1,0
2014,Oklahoma,Published,—,3,—,17,—,31,3,54,28,26,54,0,5,0,17,0,32,0,0,—,—,1,0,—,—,—,—,4,5,—,—,1,0,0,—,1,0,—,4,—,8,—,—,—,9,14,—,0,1,—,1,0,—,0,2,3,0,54,50,—,—,—,—,—,—,1,51,0,2,51,1,2,0,0
2014,Oregon,Published,—,1,—,7,—,28,2,38,14,24,38,9,0,0,0,0,6,0,29,—,—,0,0,—,—,—,—,0,1,—,—,2,0,0,—,0,0,—,0,—,10,—,—,—,4,11,—,0,0,—,4,0,—,1,1,3,1,38,0,—,—,—,—,—,—,4,33,0,1,35,1,3,0,0
2014,Pennsylvania,Published,—,30,—,67,—,92,8,197,87,110,197,5,2,1,50,1,131,2,5,—,—,3,0,—,—,—,—,8,15,—,—,7,9,0,—,5,1,—,2,—,50,—,—,—,26,25,—,1,1,—,15,0,—,4,15,10,0,197,0,—,—,—,—,—,—,30,162,4,1,191,6,0,0,0
2014,Puerto Rico,Published,—,92,—,94,—,55,0,241,109,132,241,0,0,0,0,0,0,241,0,—,—,1,1,—,—,—,—,3,13,—,—,9,9,0,—,7,0,—,11,—,54,—,—,—,39,55,—,0,2,—,28,6,—,0,1,2,0,241,0,—,—,—,—,—,—,39,202,0,0,234,7,0,0,0
2014,South Carolina,Published,—,17,—,42,—,60,5,124,49,75,124,2,3,0,68,0,55,0,0,—,—,1,3,—,—,—,—,5,19,—,—,3,5,1,—,2,1,—,4,—,23,—,—,—,5,16,—,0,1,—,16,0,—,11,1,7,0,124,0,—,—,—,—,—,—,28,105,2,0,131,4,0,0,0
2014,South Dakota,Published,—,3,—,8,—,8,1,20,13,7,20,2,6,0,0,0,12,0,0,—,—,0,1,—,—,—,—,0,2,—,—,1,0,0,—,0,0,—,0,—,5,—,—,—,1,8,—,0,0,—,1,0,—,1,0,0,0,20,20,—,—,—,—,—,—,10,7,2,1,15,4,1,0,0
2014,Tennessee,Published,—,6,—,14,—,11,2,33,16,17,33,0,0,1,9,0,22,0,1,—,—,0,0,—,—,—,—,0,0,—,—,4,0,1,—,0,0,—,0,—,7,—,—,—,4,4,—,0,0,—,9,0,—,0,1,3,0,33,30,—,—,—,—,—,—,2,31,0,0,33,0,0,0,0
2014,Texas,Published,—,16,—,74,—,179,13,282,140,142,282,49,3,2,90,0,136,2,0,—,—,2,3,—,—,—,—,13,11,—,—,20,14,1,—,21,6,—,5,—,81,—,—,—,21,58,—,2,2,—,11,0,—,0,1,10,0,282,0,—,—,—,—,—,—,74,203,11,0,257,4,22,0,0
2014,Utah,Published,—,13,—,74,—,91,2,180,65,115,180,19,1,0,4,1,154,0,1,—,—,0,2,—,—,—,—,5,6,—,—,5,3,0,—,5,0,—,2,—,66,—,—,—,4,42,—,0,3,—,21,0,—,9,0,7,0,180,168,—,—,—,—,—,—,51,127,1,1,174,2,4,0,0
2014,Virgin Islands,Published,—,3,—,4,—,12,0,19,9,10,19,3,0,0,12,0,3,1,0,—,—,0,1,—,—,—,—,2,0,—,—,2,0,0,—,1,0,—,0,—,2,—,—,—,2,5,—,0,1,—,2,0,—,0,1,0,0,19,18,—,—,—,—,—,—,8,3,1,7,5,4,8,2,0
2014,Vermont,Published,—,2,—,14,—,31,4,51,25,26,51,1,1,0,3,1,42,0,4,—,—,0,0,—,—,—,—,0,4,—,—,0,0,1,—,2,0,—,0,—,23,—,—,—,1,5,—,0,0,—,6,0,—,1,7,1,0,51,0,—,—,—,—,—,—,2,45,11,6,42,9,0,0,0
2014,Washington,Published,—,26,—,71,—,112,22,231,124,107,231,55,16,13,48,9,101,2,0,—,—,0,0,—,—,—,—,12,3,—,—,16,7,1,—,15,1,—,4,—,82,—,—,—,17,22,—,0,0,—,21,0,—,6,7,17,0,231,0,—,—,—,—,—,—,49,182,5,0,222,5,10,6,0
2014,Wisconsin,Published,—,40,—,71,—,74,3,188,93,95,188,7,3,2,54,0,122,0,0,—,—,2,1,—,—,—,—,6,3,—,—,4,5,0,—,9,0,—,2,—,53,—,—,—,20,55,—,0,0,—,19,0,—,3,1,5,0,188,0,—,—,—,—,—,—,17,179,1,0,196,1,0,0,0
2014,West Virginia,Published,—,4,—,13,—,6,0,23,10,13,23,1,1,0,1,0,20,0,0,—,—,0,0,—,—,—,—,0,1,—,—,0,1,0,—,1,0,—,0,—,8,—,—,—,0,2,—,0,0,—,4,0,—,0,5,1,0,23,21,—,—,—,—,—,—,2,21,0,0,21,0,2,0,0
2014,Wyoming,Published,—,1,—,1,—,7,1,10,5,5,10,1,0,0,0,0,9,0,0,—,—,0,0,—,—,—,—,0,0,—,—,0,1,0,—,0,0,—,1,—,4,—,—,—,0,2,—,0,0,—,2,0,—,0,0,0,0,10,10,—,—,—,—,—,—,2,7,1,0,9,0,1,0,0
2014,Alaska,Published,—,1,—,5,—,17,1,24,13,11,24,2,3,0,3,0,15,0,1,—,—,0,1,—,—,—,—,0,1,—,—,2,1,0,—,0,0,—,0,—,5,—,—,—,0,8,—,0,0,—,0,0,—,0,2,4,0,24,20,—,—,—,—,—,—,8,16,0,0,22,0,2,0,0
2014,Indiana,Published,—,4,—,13,—,14,4,35,15,20,35,1,0,0,7,0,26,0,1,—,—,0,0,—,—,—,—,0,1,—,—,2,6,0,—,2,0,—,0,—,6,—,—,—,4,8,—,0,0,—,5,0,—,0,1,0,0,35,33,—,—,—,—,—,—,7,29,0,0,35,0,0,0,0
2014,New Jersey,Published,—,3,—,33,—,52,5,93,46,47,93,10,0,2,23,0,57,0,1,—,—,0,0,—,—,—,—,10,5,—,—,12,4,0,—,5,1,—,2,—,21,—,—,—,5,10,—,0,0,—,8,0,—,1,4,5,0,93,0,—,—,—,—,—,—,17,76,0,1,90,1,2,0,0
2014,New Mexico,Published,—,3,—,9,—,13,2,27,16,11,27,13,3,0,1,0,10,0,0,—,—,0,0,—,—,—,—,1,1,—,—,4,1,0,—,0,0,—,0,—,6,—,—,—,2,4,—,0,0,—,4,0,—,0,1,3,0,27,24,—,—,—,—,—,—,16,10,1,0,24,0,3,0,0
2014,Nevada,Published,—,3,—,8,—,25,2,38,18,20,38,5,1,0,7,0,25,0,0,—,—,0,0,—,—,—,—,2,3,—,—,0,4,1,—,3,0,—,0,—,7,—,—,—,4,10,—,0,0,—,3,0,—,1,0,0,0,38,35,—,—,—,—,—,—,9,23,2,4,27,5,5,1,0
2014,Rhode Island,Published,—,4,—,16,—,21,3,44,14,30,44,11,0,0,0,0,29,1,3,—,—,0,0,—,—,—,—,4,2,—,—,2,1,0,—,7,0,—,1,—,7,—,—,—,4,9,—,0,0,—,3,0,—,0,2,2,0,44,0,—,—,—,—,—,—,9,30,2,3,28,4,7,5,0
2014,Virginia,Published,—,9,—,20,—,29,5,63,27,36,63,3,0,0,31,0,29,0,0,—,—,1,0,—,—,—,—,4,2,—,—,4,1,0,—,8,0,—,3,—,17,—,—,—,6,2,—,0,1,—,6,1,—,0,4,3,0,63,52,—,—,—,—,—,—,8,51,0,5,46,2,9,7,0
2014,District of Columbia,Published,—,10,—,13,—,21,1,45,12,33,45,1,0,1,32,0,10,1,0,—,—,1,0,—,—,—,—,7,1,—,—,0,0,0,—,2,0,—,0,—,13,—,—,—,1,3,—,0,0,—,12,0,—,0,1,2,2,45,39,—,—,—,—,—,—,5,40,0,0,44,0,0,1,0
2014,Ohio,Published,—,11,—,40,—,92,6,149,58,91,149,3,1,1,40,0,94,0,7,—,—,0,0,—,—,—,—,9,12,—,—,2,7,1,—,9,0,—,1,—,54,—,—,—,9,27,—,0,0,—,6,0,—,0,4,8,0,149,132,—,—,—,—,—,—,22,120,0,5,105,4,19,23,0
2014,New York,Published,—,27,—,100,—,209,14,350,160,190,350,39,2,5,114,0,144,12,34,—,—,7,1,—,—,—,—,16,5,—,—,13,3,2,—,12,2,—,4,—,112,—,—,—,10,55,—,1,2,—,41,2,—,9,37,11,5,350,—,—,—,—,—,—,—,65,282,5,1,314,6,30,4,0
2015,Northern Marianas,Published,3,—,0,—,6,6,2,8,9,8,17,0,0,6,0,11,0,2,0,2,0,0,0,0,0,1,0,2,0,1,0,0,1,0,0,—,0,0,2,2,3,0,0,0,1,2,0,—,0,0,0,0,0,0,0,—,—,11,17,0,0,0,0,0,0,—,—,—,—,—,—,—,—,—
2015,Massachusetts,Published,0,—,11,—,42,71,6,77,59,71,130,9,1,7,23,0,84,3,3,6,3,1,1,0,1,12,0,11,1,3,3,6,3,0,1,—,1,1,1,7,26,0,2,1,12,15,0,—,0,0,8,0,0,1,3,—,—,90,130,14,4,113,6,0,0,—,—,—,—,—,—,—,—,—
2015,Alabama,Published,0,—,9,—,8,11,0,11,15,13,28,0,0,1,4,0,23,0,0,1,0,0,0,0,2,4,0,0,4,0,0,2,0,0,0,—,1,0,0,2,3,0,0,0,5,0,2,—,0,0,2,0,0,0,0,—,—,17,28,1,0,26,1,3,1,—,—,—,—,—,—,—,—,—
2015,Arkansas,Published,1,—,6,—,7,11,6,17,14,17,31,0,0,0,13,0,18,0,0,0,0,0,0,0,0,0,0,3,0,0,0,0,1,0,0,—,0,0,3,1,9,0,0,0,0,4,0,—,0,0,5,0,0,0,5,—,—,30,31,6,0,24,0,0,1,—,—,—,—,—,—,—,—,—
2015,American Samoa,Published,0,—,1,—,2,5,0,5,3,5,8,0,0,0,0,8,0,0,0,0,0,0,0,0,0,0,0,0,0,0,0,0,4,0,0,—,0,0,0,0,0,0,0,0,0,2,0,—,1,0,1,0,0,0,0,—,—,8,8,0,0,0,0,0,0,—,—,—,—,—,—,—,—,—
2015,Arizona,Published,2,—,25,—,36,31,30,61,57,67,124,20,5,2,23,0,72,2,0,2,2,0,1,0,2,4,1,3,7,1,5,6,5,0,1,—,0,1,0,0,46,0,1,6,11,8,0,—,0,0,8,1,1,1,0,—,—,97,124,12,7,106,1,1,1,—,—,—,—,—,—,—,—,—
2015,Colorado,Published,1,—,1,—,6,13,3,16,12,12,24,1,0,0,4,0,19,0,0,1,1,0,0,0,0,2,0,0,0,0,0,1,5,0,0,—,0,0,0,2,7,0,0,1,0,2,0,—,0,0,2,0,0,0,0,—,—,17,24,1,0,24,0,0,0,—,—,—,—,—,—,—,—,—
2015,Connecticut,Published,0,—,4,—,8,12,2,14,11,15,26,5,0,2,4,0,15,0,0,0,3,0,0,0,0,1,0,2,0,0,1,2,1,0,0,—,0,0,1,2,4,1,0,0,0,4,0,—,0,0,3,0,1,0,0,—,—,17,26,16,0,10,0,0,1,—,—,—,—,—,—,—,—,—
2015,Delaware,Published,1,—,5,—,3,3,6,9,9,9,18,1,0,0,9,0,8,0,0,1,1,0,0,0,0,0,0,0,0,0,2,0,1,0,0,—,0,0,0,0,3,0,0,0,0,3,3,—,0,0,0,0,0,1,3,—,—,11,18,13,0,2,1,2,0,—,—,—,—,—,—,—,—,—
2015,Florida,Published,6,—,27,—,38,92,10,102,71,102,173,35,1,3,51,1,76,5,1,0,0,1,2,0,0,10,0,13,7,0,3,7,10,2,1,—,1,1,4,5,30,1,2,2,18,37,0,—,1,1,9,3,0,2,0,—,—,147,173,29,14,112,1,11,10,—,—,—,—,—,—,—,—,—
2015,Georgia,Published,0,—,64,—,22,30,2,32,64,54,118,2,0,2,33,0,33,0,48,0,0,1,1,0,0,0,2,11,5,0,0,10,0,2,0,—,1,0,2,1,12,0,0,0,14,5,2,—,0,0,8,0,0,0,41,—,—,113,118,6,0,101,0,0,15,—,—,—,—,—,—,—,—,—
2015,Guam,Published,6,—,8,—,8,26,6,32,14,40,54,1,0,12,1,37,3,0,0,0,2,1,1,2,1,9,0,7,0,0,3,0,0,0,2,—,0,0,5,8,9,0,0,0,0,2,0,—,0,0,2,0,0,0,0,—,—,27,54,33,0,0,9,12,0,—,—,—,—,—,—,—,—,—
2015,Hawaii,Published,18,—,20,—,19,20,1,21,35,43,78,5,0,19,1,2,20,31,0,4,1,0,0,1,0,11,0,1,0,1,2,4,0,0,0,—,0,3,1,10,16,0,1,5,0,2,0,—,0,0,14,0,0,1,0,—,—,39,78,0,0,0,0,0,0,—,—,—,—,—,—,—,—,—
2015,Iowa,Published,1,—,7,—,6,20,1,21,18,17,35,2,2,1,1,0,27,2,0,5,1,0,0,0,1,2,0,5,0,1,0,0,1,0,1,—,0,0,0,2,6,0,0,0,0,5,0,—,0,0,5,0,0,0,0,—,—,22,35,6,0,25,3,0,1,—,—,—,—,—,—,—,—,—
2015,Idaho,Published,0,—,6,—,1,21,0,21,12,16,28,1,1,1,1,1,21,2,0,3,0,0,1,0,0,2,0,2,1,0,0,1,0,0,0,—,1,0,0,1,5,0,0,0,4,6,0,—,0,0,1,0,0,0,0,—,—,22,28,11,1,13,3,0,0,—,—,—,—,—,—,—,—,—
2015,Illinois,Published,13,—,17,—,18,85,6,91,63,76,139,12,1,0,44,0,73,0,9,8,0,1,0,0,0,0,0,21,9,1,0,11,2,1,0,—,1,0,1,9,13,0,0,0,0,25,0,—,1,0,24,0,0,0,11,—,—,121,139,44,0,81,0,0,0,—,—,—,—,—,—,—,—,—
2015,Kansas,Published,1,—,3,—,22,49,3,52,46,32,78,4,1,0,16,0,54,0,3,0,0,0,3,0,0,0,0,3,1,0,1,6,1,1,0,—,0,0,0,2,29,0,0,5,8,5,0,—,0,0,2,0,2,0,9,—,—,68,78,50,0,27,1,1,0,—,—,—,—,—,—,—,—,—
2015,Kentucky,Published,6,—,7,—,8,17,1,18,15,24,39,1,0,0,9,0,29,0,0,1,0,0,0,0,0,0,0,3,0,0,0,4,3,0,0,—,0,0,0,0,11,0,0,0,6,8,0,—,1,0,2,0,0,0,0,—,—,38,39,3,0,36,0,0,0,—,—,—,—,—,—,—,—,—
2015,Louisiana,Published,1,—,7,—,29,63,0,63,53,47,100,3,2,0,51,0,43,1,0,1,1,0,1,0,1,1,0,6,7,0,2,4,2,0,0,—,0,0,3,1,24,1,1,6,10,25,1,—,0,0,0,0,1,1,0,—,—,83,100,37,0,56,0,2,5,—,—,—,—,—,—,—,—,—
2015,Maryland,Published,3,—,20,—,30,38,22,60,57,56,113,6,0,0,48,0,55,1,3,1,2,3,1,0,2,3,0,7,2,0,0,15,6,0,0,—,0,1,0,3,36,0,1,0,3,14,1,—,1,0,8,0,0,0,3,—,—,99,113,11,14,87,1,0,0,—,—,—,—,—,—,—,—,—
2015,Maine,Published,7,—,15,—,32,23,4,27,41,40,81,2,0,0,0,1,77,0,1,8,4,1,0,0,5,5,0,2,1,1,0,5,2,0,0,—,0,0,1,7,12,0,0,2,2,6,5,—,0,1,11,0,0,0,0,—,—,43,81,15,66,0,1,7,0,—,—,—,—,—,—,—,—,—
2015,Michigan,Published,2,—,14,—,26,74,6,80,61,61,122,0,0,0,49,0,64,1,8,1,1,1,0,0,1,4,0,8,7,1,2,6,3,0,1,—,0,1,2,11,44,1,0,0,3,14,0,—,1,0,7,0,0,2,0,—,—,98,122,16,0,100,2,4,0,—,—,—,—,—,—,—,—,—
2015,Minnesota,Published,0,—,4,—,13,35,1,36,20,33,53,1,0,0,4,0,42,1,5,4,0,0,0,0,1,3,0,6,0,1,1,3,0,0,0,—,0,0,0,2,14,0,0,2,3,7,0,—,0,0,2,0,1,0,3,—,—,38,53,11,0,39,0,1,2,—,—,—,—,—,—,—,—,—
2015,Missouri,Published,0,—,4,—,15,35,3,38,26,31,57,1,0,1,21,0,32,2,0,3,0,1,0,0,0,0,0,7,1,0,0,1,2,0,0,—,0,0,1,2,23,0,1,0,4,7,0,—,0,0,4,0,0,0,0,—,—,51,57,57,0,0,0,0,0,—,—,—,—,—,—,—,—,—
2015,Mississippi,Published,0,—,1,—,7,14,1,15,19,4,23,2,0,1,8,0,12,0,0,1,0,0,0,3,0,0,0,0,2,1,0,0,0,0,1,—,0,0,1,0,2,0,0,1,5,2,0,—,0,0,0,0,0,0,4,—,—,16,23,23,0,23,0,0,0,—,—,—,—,—,—,—,—,—
2015,Montana,Published,1,—,6,—,24,28,21,49,36,44,80,3,8,0,0,0,62,0,7,0,0,1,0,0,0,0,0,0,3,0,0,4,2,0,0,—,0,0,1,2,31,0,0,0,4,14,0,—,0,0,3,0,0,1,14,—,—,78,80,62,2,12,0,2,2,—,—,—,—,—,—,—,—,—
2015,North Carolina,Published,4,—,16,—,23,80,7,87,82,48,130,2,1,0,49,0,76,0,2,4,1,0,0,5,4,2,0,7,8,1,1,9,3,1,0,—,0,0,1,8,19,3,2,2,5,31,0,—,2,0,6,0,0,5,0,—,—,97,130,11,0,94,25,0,0,—,—,—,—,—,—,—,—,—
2015,North Dakota,Published,0,—,11,—,11,24,3,27,22,27,49,1,13,0,3,0,32,0,0,2,0,1,0,0,0,1,0,0,2,0,1,0,1,0,0,—,0,2,1,2,17,1,0,1,0,8,0,—,0,0,8,0,0,0,1,—,—,39,49,20,0,22,3,1,3,—,—,—,—,—,—,—,—,—
2015,Nebraska,Published,1,—,4,—,11,14,2,16,15,17,32,3,0,0,3,0,26,0,0,0,2,0,0,0,0,0,0,4,0,0,0,1,0,0,0,—,0,1,0,4,13,0,0,0,0,6,0,—,0,0,1,0,0,0,0,—,—,25,32,8,24,0,0,0,0,—,—,—,—,—,—,—,—,—
2015,New Hampshire,Published,0,—,3,—,5,5,0,5,3,10,13,0,0,0,1,0,11,0,1,0,0,0,0,0,0,3,0,0,1,0,0,0,0,0,0,—,0,0,0,1,6,0,0,0,0,0,1,—,0,0,1,0,0,0,0,—,—,8,13,0,10,1,0,0,0,—,—,—,—,—,—,—,—,—
2015,Oregon,Published,0,—,2,—,7,44,1,45,22,32,54,2,4,0,7,0,26,0,19,2,1,0,0,0,1,4,0,4,3,0,1,2,1,0,0,—,0,1,0,2,17,1,0,2,4,5,0,—,0,0,1,0,0,2,0,—,—,39,54,16,0,30,0,0,8,—,—,—,—,—,—,—,—,—
2015,Pennsylvania,Published,6,—,33,—,42,103,6,109,77,113,190,7,2,0,44,0,130,3,4,11,2,0,1,3,1,17,2,9,8,1,5,9,5,0,4,—,0,1,5,9,44,3,2,1,14,15,1,—,0,0,6,0,2,8,1,—,—,125,190,22,5,156,3,24,0,—,—,—,—,—,—,—,—,—
2015,Puerto Rico,Published,40,—,75,—,65,51,2,53,123,110,233,233,0,0,0,0,0,0,0,0,6,3,1,1,0,2,1,4,13,1,1,15,5,0,0,—,4,0,2,12,53,1,2,5,20,49,0,—,0,0,23,8,1,0,0,—,—,200,233,52,0,187,0,1,0,—,—,—,—,—,—,—,—,—
2015,South Carolina,Published,3,—,12,—,19,64,4,68,46,56,102,2,0,1,44,0,52,2,1,4,2,0,1,1,7,1,1,6,20,0,1,1,7,0,1,—,1,0,4,1,6,0,0,4,0,16,8,—,0,0,9,0,0,0,0,—,—,71,102,35,0,82,4,5,1,—,—,—,—,—,—,—,—,—
2015,South Dakota,Published,4,—,1,—,2,4,3,7,5,9,14,0,5,1,0,0,8,0,0,0,0,0,0,0,0,0,0,0,0,0,0,0,1,0,0,—,0,0,0,1,1,0,0,0,1,4,0,—,0,0,4,0,0,0,2,—,—,13,14,6,0,1,3,4,0,—,—,—,—,—,—,—,—,—
2015,Tennessee,Published,3,—,16,—,33,32,5,37,39,50,89,2,0,0,30,0,56,0,1,2,6,0,0,0,2,3,1,6,9,0,6,3,3,1,1,—,1,0,0,5,19,1,0,2,5,5,0,—,2,0,4,1,0,0,1,—,—,60,89,45,2,37,0,0,5,—,—,—,—,—,—,—,—,—
2015,Texas,Published,3,—,24,—,66,106,74,180,132,141,273,58,2,6,73,0,126,2,6,5,4,1,0,2,1,8,1,11,9,1,5,14,15,3,2,—,3,2,2,18,83,1,1,2,12,57,1,—,2,0,6,0,1,0,0,—,—,218,273,104,0,83,11,3,2,—,—,—,—,—,—,—,—,—
2015,Utah,Published,3,—,23,—,54,72,6,78,67,91,158,10,1,0,4,0,141,0,2,3,2,0,1,0,4,3,1,3,1,0,2,3,6,0,0,—,0,1,1,7,56,1,0,2,5,38,0,—,1,0,14,0,0,3,0,—,—,132,158,36,11,111,3,0,0,—,—,—,—,—,—,—,—,—
2015,Virgin Islands,Published,0,—,3,—,15,9,0,9,14,13,27,2,1,0,20,0,3,1,0,0,1,0,1,0,0,1,0,0,1,0,1,3,4,0,0,—,0,0,0,0,1,0,0,9,1,1,0,—,1,0,2,0,0,0,0,—,—,15,27,22,0,4,0,0,1,—,—,—,—,—,—,—,—,—
2015,Vermont,Published,1,—,0,—,7,33,6,39,26,21,47,0,1,0,4,1,36,0,5,3,0,0,0,0,0,0,0,0,3,1,0,0,0,0,0,—,0,0,1,0,21,1,0,1,0,6,0,—,0,0,0,0,0,1,9,—,—,41,47,3,0,33,11,0,3,—,—,—,—,—,—,—,—,—
2015,Washington,Published,7,—,20,—,47,86,11,97,83,88,171,28,8,2,19,1,104,9,0,9,11,0,2,8,10,8,11,7,5,0,4,3,5,2,4,—,3,0,2,5,27,6,0,4,4,14,10,—,0,1,4,0,0,2,0,—,—,80,171,47,0,151,17,17,0,—,—,—,—,—,—,—,—,—
2015,Wisconsin,Published,14,—,32,—,92,68,1,69,101,106,207,3,4,1,62,0,136,0,1,3,2,0,2,5,3,4,0,2,3,0,0,5,2,0,0,—,1,0,2,11,59,0,0,0,13,50,10,—,1,0,22,0,0,7,0,—,—,169,207,7,0,205,2,14,2,—,—,—,—,—,—,—,—,—
2015,West Virginia,Published,0,—,4,—,8,5,1,6,6,12,18,0,0,0,2,0,16,0,0,0,1,0,0,0,0,1,0,2,1,0,0,0,1,0,1,—,0,0,0,1,7,0,0,1,0,1,0,—,0,0,1,0,0,0,0,—,—,13,18,7,0,11,0,0,0,—,—,—,—,—,—,—,—,—
2015,Wyoming,Published,1,—,4,—,5,2,0,2,6,6,12,1,1,0,1,0,8,1,0,0,0,0,0,0,0,0,0,0,0,0,0,1,2,0,0,—,0,0,0,0,3,0,0,0,1,4,0,—,0,0,1,0,0,0,0,—,—,12,12,0,0,0,0,0,0,—,—,—,—,—,—,—,—,—
2015,Alaska,Published,0,—,1,—,3,7,1,8,6,6,12,1,0,0,1,0,10,0,0,1,0,0,0,0,0,0,0,0,1,0,0,0,0,0,0,—,0,0,0,0,1,0,0,0,4,2,0,—,0,0,0,0,0,0,3,—,—,11,12,6,0,6,0,0,0,—,—,—,—,—,—,—,—,—
2015,California,Published,17,—,97,—,198,433,40,473,390,395,785,214,12,38,176,7,280,16,42,28,0,10,2,0,0,0,0,51,29,0,0,25,15,1,0,—,1,0,12,34,222,0,0,0,40,173,0,—,3,0,73,2,0,0,64,—,—,723,785,246,11,393,13,19,8,—,—,—,—,—,—,—,—,—
2015,Indiana,Published,1,—,0,—,6,9,7,16,9,14,23,1,0,0,3,0,19,0,0,1,1,0,0,0,0,1,0,0,0,0,0,2,4,0,0,—,1,0,0,1,6,0,0,0,2,3,0,—,1,0,0,0,0,0,0,—,—,19,23,7,0,13,0,1,2,—,—,—,—,—,—,—,—,—
2015,New Jersey,Published,0,—,14,—,32,33,28,61,48,59,107,12,0,3,24,0,67,1,0,7,1,1,1,0,3,6,0,8,7,0,2,10,1,0,1,—,1,0,3,3,20,0,0,1,7,8,0,—,1,0,13,0,1,1,0,—,—,82,107,25,0,83,0,1,0,—,—,—,—,—,—,—,—,—
2015,New Mexico,Published,1,—,1,—,6,17,2,19,15,12,27,8,2,0,1,0,16,0,0,5,0,2,0,0,0,0,0,1,2,0,0,2,1,0,0,—,0,0,0,0,7,0,0,0,2,1,0,—,1,0,0,0,0,1,2,—,—,22,27,23,0,3,1,0,0,—,—,—,—,—,—,—,—,—
2015,Nevada,Published,1,—,6,—,8,30,1,31,27,19,46,7,1,2,7,0,29,0,0,1,0,0,0,0,0,0,0,1,4,0,2,4,1,0,1,—,0,0,4,10,0,0,0,7,6,0,1,—,0,3,0,0,1,0,0,—,—,20,46,25,0,15,0,1,6,—,—,—,—,—,—,—,—,—
2015,Rhode Island,Published,2,—,6,—,15,29,2,31,16,38,54,13,0,1,0,0,39,1,0,2,0,0,0,0,0,0,0,5,2,0,1,3,1,0,0,—,0,0,3,7,8,0,0,0,4,11,0,—,0,0,3,0,0,0,4,—,—,44,54,18,0,28,3,2,4,—,—,—,—,—,—,—,—,—
2015,District of Columbia,Published,4,—,10,—,7,14,5,19,19,21,40,3,0,0,28,0,7,2,0,1,2,0,0,0,0,3,0,2,0,0,1,3,1,0,0,—,0,0,0,1,11,0,0,1,1,3,0,—,1,0,8,0,1,0,0,—,—,30,40,6,0,40,0,8,0,—,—,—,—,—,—,—,—,—
2015,Ohio,Published,7,—,25,—,24,73,5,78,63,71,134,1,0,3,38,0,62,1,29,1,3,0,0,0,0,13,0,6,10,1,4,3,2,0,0,—,0,2,0,5,48,0,1,3,6,15,0,—,2,0,8,0,1,0,0,—,—,100,134,47,1,82,1,9,2,—,—,—,—,—,—,—,—,—
2015,Virginia,Published,7,—,16,—,20,28,21,49,44,48,92,4,0,1,45,1,39,2,0,0,2,2,0,2,1,11,0,7,6,0,0,3,1,0,0,—,0,2,1,8,17,0,0,4,10,6,0,—,2,1,6,0,0,0,0,—,—,61,92,17,5,37,1,11,21,—,—,—,—,—,—,—,—,—
2015,Oklahoma,Published,2,—,2,—,23,27,4,31,36,22,58,1,8,1,18,0,28,2,0,2,0,0,0,0,3,0,0,11,8,0,0,0,1,0,0,—,0,0,2,0,14,0,0,0,6,9,0,—,1,0,0,0,0,0,1,—,—,53,58,4,2,50,0,0,2,—,—,—,—,—,—,—,—,—
2015,New York,Published,6,—,56,—,82,220,21,241,175,210,385,43,3,7,125,0,173,16,18,8,7,7,2,0,2,11,4,19,7,3,5,16,9,0,3,—,1,2,4,20,107,1,1,9,18,53,0,—,1,0,38,2,0,11,14,—,—,309,385,134,0,255,5,2,7,—,—,—,—,—,—,—,—,—
2015,New Mexico,Published,1,—,1,—,1,3,0,3,1,5,6,0,6,0,0,0,0,0,0,3,0,0,0,0,0,0,0,0,0,0,0,0,0,0,0,—,0,0,0,0,0,0,0,0,1,1,0,—,0,0,1,0,0,0,0,—,—,3,6,4,0,2,0,0,0,—,—,—,—,—,—,—,—,—
2015,South Carolina,Published,3,—,5,—,7,15,2,17,12,20,32,0,0,0,16,1,14,1,0,1,2,0,2,0,1,0,0,1,3,0,0,1,1,0,2,—,0,0,2,5,3,0,0,1,0,2,1,—,1,0,1,0,1,1,0,—,—,18,32,2,0,27,1,3,0,—,—,—,—,—,—,—,—,—
2016,Northern Marianas,Published,2,—,2,—,2,8,2,10,4,12,16,0,0,6,1,8,3,0,0,0,0,0,0,0,0,1,0,3,0,0,0,1,0,0,0,—,0,0,2,0,3,0,0,1,2,0,0,—,0,0,0,0,1,0,2,—,—,13,16,4,0,8,1,0,0,—,—,—,—,—,—,—,—,—
2016,Massachusetts,Published,4,—,10,—,26,48,6,54,47,47,94,12,1,3,16,0,61,0,1,6,2,0,0,0,5,6,1,5,0,0,1,1,0,1,1,—,1,0,1,5,18,1,1,5,10,9,0,—,0,0,10,0,2,1,1,—,—,58,94,13,3,75,2,1,0,—,—,—,—,—,—,—,—,—
2016,Alabama,Published,1,—,14,—,8,23,1,24,17,30,47,1,0,0,18,26,2,0,0,2,4,0,1,1,1,4,0,5,1,0,1,2,2,0,0,—,0,1,0,0,5,0,0,0,7,5,0,—,1,0,2,1,0,0,1,—,—,33,47,40,0,1,1,1,4,—,—,—,—,—,—,—,—,—
2016,Arkansas,Published,0,—,9,—,6,7,0,7,8,14,22,0,0,0,12,0,9,1,0,0,0,0,0,0,0,0,0,0,1,0,0,1,0,0,0,—,1,0,0,1,10,0,0,0,1,0,0,—,0,0,3,0,0,0,4,—,—,21,22,10,0,12,0,0,0,—,—,—,—,—,—,—,—,—
2016,American Samoa,Published,0,—,10,—,11,0,0,0,10,11,21,0,0,0,0,21,0,0,0,0,0,0,2,12,0,0,0,0,4,0,0,1,0,0,2,—,0,0,0,0,0,0,0,0,0,0,0,—,0,0,0,0,0,0,0,—,—,7,21,19,0,2,0,0,0,—,—,—,—,—,—,—,—,—
2016,Arizona,Published,1,—,23,—,27,60,11,71,71,51,122,20,1,1,13,0,84,3,0,2,4,0,1,0,7,4,0,6,7,1,4,11,5,0,1,—,0,4,1,7,32,0,0,6,6,8,0,—,1,0,1,1,1,0,1,—,—,81,122,12,10,101,2,1,0,—,—,—,—,—,—,—,—,—
2016,Colorado,Published,0,—,1,—,3,15,3,18,12,10,22,2,0,0,1,0,19,0,0,1,0,0,0,0,1,1,0,1,0,0,1,1,0,0,1,—,0,0,1,0,10,0,0,1,0,3,0,—,0,0,0,0,0,0,0,—,—,16,22,0,0,20,1,0,1,—,—,—,—,—,—,—,—,—
2016,Connecticut,Published,1,—,6,—,13,14,2,16,14,22,36,6,0,1,5,0,24,0,0,1,5,0,0,0,0,3,0,0,0,0,4,1,1,0,0,—,0,0,1,1,10,0,0,0,1,6,0,—,0,0,1,0,1,0,0,—,—,21,36,30,0,7,0,0,0,—,—,—,—,—,—,—,—,—
2016,Delaware,Published,0,—,2,—,3,7,2,9,10,4,14,0,0,0,5,0,9,0,0,2,1,0,0,0,3,0,1,2,0,0,0,0,0,0,0,—,0,0,0,0,2,0,0,0,0,0,0,—,0,0,2,0,0,0,1,—,—,7,14,13,0,1,3,2,1,—,—,—,—,—,—,—,—,—
2016,Florida,Published,8,—,22,—,33,98,12,110,80,93,173,40,1,1,42,0,80,6,3,1,3,3,1,0,1,11,0,24,8,0,5,4,6,1,2,—,1,3,3,2,39,0,1,3,12,20,0,—,0,0,16,1,0,2,0,—,—,141,173,39,5,113,3,11,2,—,—,—,—,—,—,—,—,—
2016,Georgia,Published,1,—,24,—,50,65,10,75,90,60,150,3,1,3,75,0,71,0,153,1,0,1,1,0,0,0,0,20,8,0,0,8,3,1,0,—,5,0,5,1,21,0,0,0,21,14,0,—,2,0,28,1,0,1,8,—,—,148,150,24,0,93,0,41,0,—,—,—,—,—,—,—,—,—
2016,Guam,Published,14,—,16,—,20,11,2,13,26,37,63,0,0,22,2,34,5,0,0,1,5,0,1,0,4,11,0,4,5,0,1,4,2,1,2,—,0,1,4,4,4,0,0,0,0,2,1,—,0,0,4,1,1,0,0,—,—,32,63,34,0,49,5,11,3,—,—,—,—,—,—,—,—,—
2016,Hawaii,Published,18,—,12,—,12,14,1,15,25,32,57,2,0,13,1,3,13,26,0,2,0,0,0,1,0,7,0,5,0,0,0,10,0,0,0,—,0,2,1,5,15,0,0,1,1,0,0,—,0,0,7,0,0,0,0,—,—,39,57,12,31,3,0,10,4,—,—,—,—,—,—,—,—,—
2016,Iowa,Published,1,—,5,—,7,16,0,16,12,17,29,1,1,0,1,0,20,0,0,0,0,0,0,0,0,2,0,6,0,0,1,1,1,0,0,—,0,0,0,1,10,0,0,1,2,2,0,—,0,0,2,0,0,0,0,—,—,24,29,2,0,21,0,0,0,—,—,—,—,—,—,—,—,—
2016,Idaho,Published,1,—,2,—,3,26,1,27,12,21,33,3,2,0,3,0,23,2,0,2,0,0,0,0,0,0,0,2,2,0,0,0,2,0,0,—,0,0,0,2,9,0,0,0,3,7,0,—,0,0,1,0,0,0,3,—,—,29,33,18,0,5,9,1,2,—,—,—,—,—,—,—,—,—
2016,Illinois,Published,3,—,15,—,14,31,1,32,29,35,64,2,2,1,16,26,17,0,0,2,2,0,1,0,5,1,0,14,3,2,1,6,1,2,0,—,0,0,0,4,7,1,0,0,2,2,0,—,0,0,1,0,1,1,5,—,—,45,64,55,1,3,1,0,4,—,—,—,—,—,—,—,—,—
2016,Kansas,Published,1,—,4,—,25,31,6,37,33,34,67,4,1,0,11,0,48,2,1,1,0,0,1,0,0,0,0,6,0,0,0,3,1,1,0,—,0,0,1,3,29,0,0,0,5,3,0,—,0,0,1,0,0,0,12,—,—,63,67,37,28,2,1,0,1,—,—,—,—,—,—,—,—,—
2016,Kentucky,Published,2,—,4,—,11,9,1,10,10,17,27,0,0,0,6,0,21,0,0,1,0,0,0,0,0,0,0,2,0,0,0,0,3,0,1,—,1,0,0,0,9,0,0,0,2,6,0,—,0,0,2,0,0,0,0,—,—,25,27,2,7,18,0,0,0,—,—,—,—,—,—,—,—,—
2016,Louisiana,Published,1,—,8,—,24,58,1,59,44,48,92,3,2,1,40,0,43,3,0,0,3,1,0,0,2,2,2,5,9,0,2,3,3,0,1,—,3,0,3,9,14,2,0,5,9,9,1,—,0,0,1,0,3,0,0,—,—,60,92,34,1,48,1,4,4,—,—,—,—,—,—,—,—,—
2016,Maryland,Published,7,—,23,—,26,50,6,56,59,53,112,6,0,3,50,0,50,2,1,1,5,2,2,1,2,7,0,4,1,1,2,14,5,0,1,—,0,2,2,7,23,0,1,1,3,19,0,—,0,0,4,0,0,0,2,—,—,81,112,13,13,85,1,0,0,—,—,—,—,—,—,—,—,—
2016,Maine,Published,2,—,8,—,29,50,10,60,50,49,99,2,0,0,2,0,94,1,0,3,2,0,0,1,4,5,0,1,3,1,2,3,5,1,2,—,0,0,0,8,26,0,1,2,9,5,1,—,0,0,7,1,0,0,6,—,—,67,99,11,3,83,2,3,0,—,—,—,—,—,—,—,—,—
2016,Michigan,Published,1,—,13,—,32,63,6,69,54,61,115,3,1,0,45,0,63,0,3,0,2,1,0,0,1,7,0,9,5,1,3,7,3,1,1,—,0,0,1,8,30,1,1,2,4,18,0,—,0,0,6,1,0,2,0,—,—,88,115,12,0,97,1,4,1,—,—,—,—,—,—,—,—,—
2016,Minnesota,Published,5,—,0,—,8,37,2,39,27,25,52,0,0,0,6,0,41,1,4,2,0,0,1,0,0,2,0,5,1,1,0,1,2,0,0,—,0,1,0,3,17,0,0,0,2,6,0,—,0,0,0,0,0,0,8,—,—,43,52,11,0,37,0,0,0,—,—,—,—,—,—,—,—,—
2016,Missouri,Published,1,—,2,—,14,33,4,37,25,29,54,0,1,1,15,0,36,1,0,5,0,1,0,0,0,0,0,6,3,0,0,2,1,0,1,—,0,0,1,4,18,0,0,0,4,4,0,—,0,0,3,1,0,0,0,—,—,44,54,15,0,39,0,0,0,—,—,—,—,—,—,—,—,—
2016,Mississippi,Published,0,—,5,—,11,13,0,13,15,14,29,0,0,0,18,0,4,0,3,1,3,0,0,0,0,0,0,1,1,0,0,0,1,0,0,—,0,0,2,1,4,0,0,4,4,2,0,—,0,0,2,0,0,2,1,—,—,20,29,2,0,29,6,0,4,—,—,—,—,—,—,—,—,—
2016,Montana,Published,2,—,5,—,17,40,4,44,27,41,68,2,6,1,3,0,54,1,1,1,0,1,0,0,0,0,0,3,5,0,0,3,1,0,0,—,0,0,2,3,23,0,0,0,2,16,0,—,0,0,1,0,0,1,6,—,—,64,68,55,3,7,0,2,1,—,—,—,—,—,—,—,—,—
2016,North Carolina,Published,2,—,12,—,16,54,7,61,58,33,91,0,0,0,30,0,39,0,1,2,2,0,1,2,2,4,0,3,4,0,2,5,8,0,2,—,0,2,0,2,16,3,0,2,7,16,2,—,1,0,1,0,0,1,1,—,—,64,91,5,0,55,10,0,0,—,—,—,—,—,—,—,—,—
2016,North Dakota,Published,1,—,8,—,10,14,3,17,20,16,36,2,7,0,1,0,26,0,0,2,0,1,0,0,0,2,0,0,2,0,2,0,1,0,0,—,0,0,0,1,12,1,0,1,1,5,0,—,0,0,4,0,1,0,0,—,—,26,36,17,4,12,1,1,1,—,—,—,—,—,—,—,—,—
2016,Nebraska,Published,2,—,3,—,11,11,0,11,13,14,27,4,0,0,5,0,19,0,0,0,0,0,0,0,0,1,0,2,0,0,0,0,0,0,0,—,0,2,0,2,11,0,1,0,0,7,0,—,0,0,0,0,0,1,0,—,—,21,27,9,0,19,0,0,0,—,—,—,—,—,—,—,—,—
2016,New Hampshire,Published,0,—,3,—,6,9,2,11,9,11,20,0,0,0,1,0,18,0,2,0,1,0,0,0,0,3,0,0,1,0,0,0,0,0,0,—,0,0,0,3,10,0,0,0,0,2,0,—,0,0,0,0,0,0,0,—,—,13,20,0,0,20,0,0,0,—,—,—,—,—,—,—,—,—
2016,Oregon,Published,0,—,2,—,18,39,1,40,30,30,60,1,1,0,5,0,32,0,21,4,0,0,0,0,0,4,0,5,2,1,1,3,2,0,0,—,0,0,1,3,16,0,0,2,2,12,0,—,0,0,0,0,0,1,1,—,—,45,60,15,45,0,0,0,1,—,—,—,—,—,—,—,—,—
2016,Pennsylvania,Published,10,—,41,—,43,92,9,101,72,123,195,12,0,1,42,0,132,5,3,12,15,2,1,0,0,27,0,10,9,1,2,8,5,1,2,—,0,2,3,9,45,2,0,5,11,11,0,—,0,0,6,1,1,3,1,—,—,117,195,56,4,121,0,21,0,—,—,—,—,—,—,—,—,—
2016,Puerto Rico,Published,42,—,76,—,47,36,4,40,106,99,205,205,0,0,0,0,0,0,0,3,6,1,1,1,0,4,0,5,7,0,1,11,6,0,0,—,3,1,5,11,38,1,2,4,13,33,0,—,1,1,36,5,4,0,1,—,—,166,205,39,0,159,1,6,0,—,—,—,—,—,—,—,—,—
2016,South Carolina,Published,9,—,11,—,28,66,6,72,68,52,120,0,0,0,54,0,44,6,16,5,5,0,1,0,8,1,2,4,14,1,2,3,7,1,5,—,2,0,0,1,19,1,0,7,5,11,0,—,2,0,4,0,2,7,0,—,—,80,120,33,0,109,4,12,0,—,—,—,—,—,—,—,—,—
2016,South Dakota,Published,8,—,2,—,1,8,1,9,9,11,20,1,6,1,1,0,11,0,0,0,0,0,0,0,0,3,0,0,2,0,0,0,0,0,0,—,0,0,1,1,1,0,0,0,2,5,0,—,0,0,5,0,0,0,0,—,—,16,20,8,0,1,2,7,3,—,—,—,—,—,—,—,—,—
2016,Tennessee,Published,0,—,18,—,19,30,4,34,36,35,71,3,0,0,24,0,43,0,1,0,6,0,0,0,2,6,1,2,9,0,5,0,2,1,0,—,0,0,2,5,13,1,0,2,2,5,0,—,0,0,5,1,0,0,1,—,—,43,71,5,1,65,0,1,0,—,—,—,—,—,—,—,—,—
2016,Texas,Published,6,—,25,—,70,160,14,174,131,144,275,59,3,6,68,0,117,6,16,12,9,1,3,3,3,17,2,18,10,1,5,15,10,2,5,—,0,2,0,12,77,3,2,2,12,39,1,—,1,1,4,0,0,2,1,—,—,195,275,124,0,135,11,4,5,—,—,—,—,—,—,—,—,—
2016,Utah,Published,3,—,14,—,36,47,3,50,34,69,103,2,1,0,0,1,83,0,3,2,1,0,0,1,2,3,1,3,6,0,1,1,6,0,0,—,0,0,1,11,34,0,0,1,3,19,0,—,0,1,6,0,0,0,0,—,—,79,103,36,7,58,2,0,0,—,—,—,—,—,—,—,—,—
2016,Virgin Islands,Published,0,—,4,—,7,7,1,8,9,10,19,3,0,0,15,0,1,0,0,0,3,0,0,0,0,1,0,0,0,0,1,1,3,0,0,—,0,0,0,1,0,0,0,7,0,2,0,—,0,0,0,0,0,0,0,—,—,6,19,6,1,4,0,2,6,—,—,—,—,—,—,—,—,—
2016,Vermont,Published,0,—,3,—,10,28,2,30,20,23,43,1,0,0,3,0,38,0,1,4,1,0,0,0,1,3,0,0,3,0,0,2,1,0,0,—,0,0,0,1,14,1,0,3,0,3,0,—,0,0,0,0,0,1,5,—,—,29,43,2,0,32,6,0,5,—,—,—,—,—,—,—,—,—
2016,Washington,Published,11,—,36,—,87,66,8,74,111,97,208,35,13,12,45,5,83,10,5,17,6,3,1,6,4,10,2,9,0,1,7,12,6,4,0,—,1,1,2,7,37,9,3,0,6,25,12,—,0,0,10,1,0,6,0,—,—,123,208,60,0,138,6,25,3,—,—,—,—,—,—,—,—,—
2016,Wisconsin,Published,39,—,10,—,63,58,1,59,72,99,171,6,2,1,40,0,122,0,0,4,3,0,2,1,2,11,0,4,1,2,5,5,6,0,0,—,0,0,2,7,30,1,0,3,11,49,1,—,0,0,6,2,0,5,8,—,—,131,171,7,1,155,1,7,3,—,—,—,—,—,—,—,—,—
2016,West Virginia,Published,0,—,7,—,5,8,1,9,11,10,21,0,0,0,2,0,19,0,0,0,1,0,0,1,0,2,0,2,2,0,0,0,0,0,0,—,0,0,0,1,5,1,0,0,2,1,0,—,1,0,1,0,0,0,1,—,—,15,21,5,0,15,0,0,1,—,—,—,—,—,—,—,—,—
2016,Wyoming,Published,0,—,3,—,3,11,1,12,8,10,18,0,0,1,0,0,17,0,0,1,0,0,1,0,0,0,0,1,0,0,0,1,0,0,0,—,0,0,0,1,2,0,0,0,0,9,0,—,0,0,2,0,0,0,0,—,—,16,18,9,0,9,0,0,0,—,—,—,—,—,—,—,—,—
2016,Alaska,Published,0,—,0,—,1,4,0,4,3,2,5,0,1,0,1,0,2,0,1,1,0,0,1,0,0,0,0,0,0,0,1,0,0,0,0,—,0,0,0,0,2,0,0,0,0,0,0,—,0,0,0,0,0,0,0,—,—,3,5,3,0,2,0,0,0,—,—,—,—,—,—,—,—,—
2016,California,Published,24,—,65,—,186,403,41,444,361,358,719,185,8,35,167,7,275,15,27,24,20,10,4,6,9,43,5,52,31,4,17,24,16,1,6,—,1,9,11,22,185,6,5,8,16,120,0,—,4,0,51,3,2,2,2,—,—,533,719,183,15,522,7,18,4,—,—,—,—,—,—,—,—,—
2016,Indiana,Published,0,—,2,—,10,22,8,30,19,23,42,0,0,2,8,0,32,0,0,3,1,0,0,1,0,1,0,4,3,0,0,2,2,0,1,—,0,0,2,2,6,1,2,0,3,8,0,—,0,0,0,0,0,0,0,—,—,30,42,37,1,1,1,2,0,—,—,—,—,—,—,—,—,—
2016,New Jersey,Published,0,—,12,—,34,54,1,55,46,55,101,12,0,4,20,0,63,1,1,0,3,0,2,0,5,9,0,5,4,0,2,8,3,0,1,—,0,0,3,2,22,0,0,0,6,11,0,—,1,0,8,0,2,0,4,—,—,77,101,25,0,76,1,1,0,—,—,—,—,—,—,—,—,—
2016,New Mexico,Published,0,—,2,—,5,22,1,23,10,20,30,6,4,0,3,0,17,0,0,5,1,0,0,0,0,1,0,2,1,0,0,2,0,1,0,—,0,0,0,1,11,0,1,0,1,2,0,—,0,0,1,0,0,0,0,—,—,21,30,24,0,4,0,1,1,—,—,—,—,—,—,—,—,—
2016,Nevada,Published,1,—,4,—,6,20,1,21,15,17,32,5,1,1,6,0,19,0,0,3,0,0,0,0,0,0,0,0,0,0,0,2,1,0,0,—,0,0,0,1,9,0,0,0,4,8,0,—,0,0,3,1,0,0,0,—,—,28,32,17,0,13,0,1,0,—,—,—,—,—,—,—,—,—
2016,Rhode Island,Published,0,—,10,—,13,29,2,31,17,37,54,8,0,1,1,0,42,1,1,2,1,0,0,0,0,1,0,2,1,0,1,4,1,0,0,—,0,0,3,6,13,0,0,0,2,8,0,—,0,0,5,0,0,0,4,—,—,43,54,30,0,18,2,2,4,—,—,—,—,—,—,—,—,—
2016,District of Columbia,Published,0,—,7,—,11,15,1,16,15,19,34,3,0,0,27,0,3,1,0,0,2,0,0,1,0,2,0,1,0,0,1,4,0,0,0,—,0,0,0,1,9,0,0,0,1,5,0,—,0,0,5,0,0,0,2,—,—,27,34,1,0,37,1,3,0,—,—,—,—,—,—,—,—,—
2016,Ohio,Published,6,—,22,—,35,84,7,91,64,90,154,4,0,1,30,0,80,1,38,1,1,0,0,2,0,11,0,4,16,0,7,1,1,0,0,—,0,1,4,11,43,2,2,9,10,15,0,—,1,0,5,0,1,0,6,—,—,106,154,57,0,92,1,6,2,—,—,—,—,—,—,—,—,—
2016,Virginia,Published,5,—,24,—,19,46,4,50,46,52,98,2,0,1,50,0,41,1,3,0,1,0,1,0,1,9,1,5,3,0,2,4,1,0,1,—,0,0,0,0,21,0,0,0,10,20,0,—,2,0,15,0,0,1,0,—,—,83,98,14,6,48,1,12,18,—,—,—,—,—,—,—,—,—
2016,Oklahoma,Published,0,—,8,—,26,32,2,34,35,33,68,2,5,1,25,0,33,2,0,2,2,1,0,1,6,1,1,5,4,0,0,1,1,0,0,—,2,0,3,0,12,0,0,0,7,11,0,—,3,0,1,0,0,1,3,—,—,55,68,5,0,63,0,0,0,—,—,—,—,—,—,—,—,—
2016,New York,Published,8,—,47,—,99,215,20,235,172,217,389,45,2,15,111,0,196,13,7,10,5,9,3,1,5,23,4,12,5,3,14,21,8,0,4,—,1,2,4,18,106,3,3,7,15,53,1,—,1,0,37,1,0,6,4,—,—,286,389,99,0,291,11,1,7,—,—,—,—,—,—,—,—,—
2016,New Mexico,Published,0,—,3,—,2,1,0,1,2,4,6,0,6,0,0,0,0,0,0,3,1,0,0,0,0,1,0,0,0,0,0,0,0,0,0,—,0,0,0,0,1,0,0,0,0,0,0,—,0,0,0,0,0,0,0,—,—,1,6,5,4,2,3,2,6,—,—,—,—,—,—,—,—,—
2017,Northern Marianas,Published,1,—,2,—,4,6,1,7,5,9,14,0,0,3,0,6,2,3,0,0,1,0,0,0,0,1,0,0,1,0,1,0,0,0,1,—,0,1,0,2,2,0,0,1,1,2,0,—,0,0,0,0,0,0,0,—,—,6,14,0,0,13,0,1,0,—,—,—,—,—,—,—,—,—
2017,Massachusetts,Published,2,—,14,—,21,45,8,53,49,41,90,8,3,1,12,0,65,1,0,8,2,0,0,0,3,8,1,8,2,0,1,1,1,1,0,—,1,0,0,3,19,0,2,5,9,5,0,—,1,0,8,0,1,0,0,—,—,56,90,9,1,77,4,1,1,—,—,—,—,—,—,—,—,—
2017,Alabama,Published,3,—,11,—,11,19,0,19,25,19,44,1,0,0,20,0,21,1,1,2,1,0,0,2,2,1,0,3,1,0,3,3,2,0,0,—,0,1,0,1,4,0,0,1,6,2,0,—,1,0,1,1,0,0,6,—,—,30,44,39,0,39,4,1,1,—,—,—,—,—,—,—,—,—
2017,Arkansas,Published,0,—,11,—,8,16,1,17,15,21,36,1,0,0,16,0,19,0,0,2,1,0,1,0,0,0,1,1,2,0,1,0,1,0,0,—,1,0,0,4,10,0,1,0,2,0,0,—,2,0,4,1,1,0,0,—,—,25,36,18,1,13,2,0,2,—,—,—,—,—,—,—,—,—
2017,American Samoa,Published,0,—,6,—,12,0,0,0,8,10,18,0,0,0,0,18,0,0,0,0,0,0,1,10,0,0,0,0,2,0,0,4,0,0,1,—,0,0,0,0,0,0,0,0,0,0,0,—,0,0,0,0,0,0,0,—,—,7,18,14,2,2,0,0,0,—,—,—,—,—,—,—,—,—
2017,Arizona,Published,8,—,22,—,31,68,6,74,71,64,135,21,3,3,15,0,90,3,0,2,4,0,0,1,9,5,0,9,8,0,5,12,8,0,0,—,1,3,1,6,41,0,0,2,3,8,0,—,0,0,3,1,2,1,0,—,—,96,135,7,7,123,0,0,0,—,—,—,—,—,—,—,—,—
2017,Colorado,Published,0,—,1,—,4,21,3,24,16,13,29,1,0,0,5,0,22,0,1,0,2,1,0,0,1,1,1,1,0,1,1,2,2,0,1,—,0,0,0,3,6,0,0,2,0,3,0,—,0,0,1,0,0,0,0,—,—,16,29,8,19,0,1,0,0,—,—,—,—,—,—,—,—,—
2017,Connecticut,Published,1,—,5,—,14,21,4,25,18,27,45,7,0,2,6,0,29,0,1,2,3,0,0,0,0,2,0,2,0,0,4,1,2,0,0,—,0,0,1,3,15,0,0,1,0,6,0,—,0,0,2,0,1,0,0,—,—,29,45,42,0,3,0,0,0,—,—,—,—,—,—,—,—,—
2017,Delaware,Published,0,—,1,—,4,12,2,14,13,6,19,0,0,0,7,0,10,0,2,1,1,0,1,0,2,0,0,1,1,0,0,0,3,0,0,—,0,0,0,0,3,0,0,1,0,0,2,—,0,0,0,1,1,0,1,—,—,11,19,16,0,0,2,1,0,—,—,—,—,—,—,—,—,—
2017,Florida,Published,6,—,23,—,42,120,15,135,105,101,206,43,1,1,52,1,101,2,5,0,3,1,2,1,4,12,0,29,10,0,3,14,8,0,0,—,0,2,5,3,50,2,0,5,9,28,0,—,1,0,13,1,0,0,0,—,—,171,206,31,2,152,2,21,2,—,—,—,—,—,—,—,—,—
2017,Georgia,Published,2,—,21,—,30,28,6,34,42,45,87,2,1,3,38,0,41,0,2,0,3,1,1,0,2,3,0,12,3,0,1,5,1,1,1,—,2,0,3,7,12,0,0,0,10,5,0,—,1,0,8,1,0,0,4,—,—,70,87,9,0,81,0,0,1,—,—,—,—,—,—,—,—,—
2017,Guam,Published,4,—,9,—,11,21,2,23,17,30,47,1,0,14,2,24,5,1,0,3,2,0,1,3,6,0,0,4,2,0,1,1,0,2,2,—,0,0,3,4,5,0,0,0,0,4,0,—,0,0,3,0,0,1,0,—,—,26,47,36,0,0,2,8,5,—,—,—,—,—,—,—,—,—
2017,Hawaii,Published,19,—,14,—,5,9,1,10,24,24,48,2,0,5,0,3,11,29,0,0,4,0,0,0,0,8,0,2,0,1,0,1,0,0,0,—,0,1,0,4,17,1,0,3,1,0,0,—,0,0,5,0,0,0,0,—,—,26,48,6,28,12,0,26,1,—,—,—,—,—,—,—,—,—
2017,Iowa,Published,1,—,7,—,9,13,0,13,15,15,30,1,0,0,4,0,24,0,0,0,0,0,0,1,0,1,0,7,0,0,2,2,0,0,0,—,0,0,0,3,7,0,0,0,2,1,0,—,0,0,4,0,0,0,0,—,—,23,30,4,1,25,0,0,0,—,—,—,—,—,—,—,—,—
2017,Idaho,Published,0,—,3,—,7,16,3,19,18,11,29,3,1,0,0,0,23,2,0,2,0,0,1,0,0,2,0,2,2,1,0,0,1,0,0,—,0,0,1,0,9,0,0,0,1,6,0,—,0,0,1,0,0,0,0,—,—,24,29,13,13,0,3,0,0,—,—,—,—,—,—,—,—,—
2017,Illinois,Published,3,—,7,—,17,39,2,41,33,35,68,5,2,0,28,0,26,2,5,0,1,0,0,0,3,4,1,11,7,0,1,2,0,0,1,—,0,0,0,5,6,0,0,0,7,4,4,—,0,0,11,0,0,0,0,—,—,48,68,60,1,0,0,1,6,—,—,—,—,—,—,—,—,—
2017,Kansas,Published,1,—,7,—,23,39,8,47,45,33,78,2,0,0,16,0,57,0,3,0,1,0,2,0,0,2,1,11,0,2,2,6,2,1,0,—,0,0,0,3,25,0,0,6,5,5,0,—,0,0,2,0,1,0,1,—,—,60,78,31,3,42,1,1,1,—,—,—,—,—,—,—,—,—
2017,Kentucky,Published,1,—,1,—,4,9,2,11,4,13,17,0,0,0,2,0,14,0,1,1,0,0,0,0,1,0,0,1,0,0,0,0,1,0,0,—,0,0,1,0,4,0,0,0,1,6,0,—,0,0,1,0,0,0,0,—,—,15,17,2,0,15,0,0,1,—,—,—,—,—,—,—,—,—
2017,Louisiana,Published,1,—,11,—,19,49,1,50,35,46,81,0,1,1,34,0,43,2,0,2,5,1,0,0,1,3,1,4,7,0,0,0,1,0,1,—,3,0,4,9,15,2,0,7,4,7,1,—,0,0,1,0,1,1,0,—,—,48,81,32,2,40,1,2,2,—,—,—,—,—,—,—,—,—
2017,Maryland,Published,7,—,25,—,17,63,4,67,67,49,116,4,1,1,56,0,49,1,4,1,4,0,2,1,3,9,0,2,1,0,1,8,2,0,2,—,0,1,2,9,39,1,1,2,2,18,1,—,0,0,4,0,0,0,0,—,—,80,116,14,15,85,1,1,0,—,—,—,—,—,—,—,—,—
2017,Maine,Published,4,—,11,—,30,58,6,64,45,64,109,2,0,1,4,0,100,1,1,9,2,0,1,1,9,6,0,1,3,0,3,1,1,0,1,—,0,0,3,7,35,1,2,3,3,4,0,—,0,0,6,0,0,0,7,—,—,65,109,12,1,95,1,5,0,—,—,—,—,—,—,—,—,—
2017,Michigan,Published,3,—,12,—,22,55,4,59,52,44,96,4,2,1,40,0,44,1,8,2,1,1,0,1,0,4,0,7,2,0,5,7,2,0,1,—,2,0,0,3,27,1,1,4,4,13,1,—,0,0,6,0,0,1,0,—,—,72,96,13,0,80,0,3,0,—,—,—,—,—,—,—,—,—
2017,Minnesota,Published,7,—,10,—,8,29,0,29,20,34,54,1,2,0,5,0,37,2,7,5,1,0,2,0,1,2,0,7,0,0,0,5,3,0,0,—,0,0,0,2,14,0,0,1,0,9,0,—,0,0,1,1,0,0,0,—,—,42,54,12,0,39,0,3,0,—,—,—,—,—,—,—,—,—
2017,Missouri,Published,1,—,8,—,15,35,4,39,39,24,63,3,1,1,15,0,43,0,0,7,1,1,0,0,3,3,0,4,4,1,2,4,0,0,0,—,0,0,3,5,13,1,1,2,2,3,1,—,0,0,2,0,0,0,0,—,—,36,63,17,2,46,1,0,0,—,—,—,—,—,—,—,—,—
2017,Mississippi,Published,2,—,3,—,11,6,0,6,11,11,22,1,0,0,8,0,13,0,0,0,1,0,0,1,1,0,0,0,3,1,0,1,1,0,0,—,0,0,0,0,1,0,0,6,2,0,0,—,0,0,3,0,0,1,0,—,—,12,22,0,0,22,0,0,0,—,—,—,—,—,—,—,—,—
2017,Montana,Published,6,—,7,—,16,33,4,37,34,32,66,1,8,0,0,0,56,0,1,6,0,0,0,0,0,0,0,2,3,0,0,5,3,0,0,—,0,0,0,1,25,0,0,0,3,8,0,—,0,0,1,0,0,1,8,—,—,59,66,50,7,6,0,4,1,—,—,—,—,—,—,—,—,—
2017,North Carolina,Published,8,—,13,—,21,48,11,59,61,40,101,0,3,0,39,0,57,1,1,5,1,0,1,7,1,1,1,3,4,0,4,0,7,0,3,—,0,0,0,6,16,2,2,3,3,14,1,—,2,0,3,0,1,2,8,—,—,63,101,7,0,63,23,8,0,—,—,—,—,—,—,—,—,—
2017,North Dakota,Published,0,—,8,—,8,22,2,24,21,19,40,3,9,0,3,0,25,0,0,1,1,1,0,0,0,0,0,0,1,0,1,0,1,0,0,—,0,0,1,3,16,0,0,2,1,7,0,—,0,0,3,0,1,0,0,—,—,31,40,25,0,14,0,1,1,—,—,—,—,—,—,—,—,—
2017,Nebraska,Published,0,—,1,—,5,13,0,13,12,7,19,0,0,0,2,0,17,0,0,1,0,0,0,0,1,1,0,1,0,0,0,1,0,0,0,—,0,0,1,2,5,0,0,1,2,3,0,—,0,0,0,0,0,0,0,—,—,13,19,3,0,16,0,0,0,—,—,—,—,—,—,—,—,—
2017,New Hampshire,Published,0,—,2,—,11,11,0,11,14,10,24,0,0,2,0,0,12,0,10,1,0,0,0,0,0,2,0,0,3,0,0,1,0,0,0,—,0,0,0,0,6,2,0,0,1,2,5,—,0,0,1,0,0,0,0,—,—,14,24,0,0,21,0,0,0,—,—,—,—,—,—,—,—,—
2017,Oregon,Published,0,—,3,—,11,34,4,38,30,22,52,2,0,1,3,0,22,0,24,4,1,0,0,0,0,3,0,5,2,1,1,2,2,0,0,—,0,0,1,1,13,0,0,1,2,10,0,—,0,0,1,0,0,1,1,—,—,40,52,12,0,38,0,0,2,—,—,—,—,—,—,—,—,—
2017,Pennsylvania,Published,17,—,45,—,39,92,8,100,120,81,201,6,0,3,49,0,133,7,3,12,12,2,0,1,1,35,1,8,12,0,3,8,9,2,1,—,1,1,4,9,35,3,2,7,6,12,0,—,0,1,9,0,1,2,1,—,—,111,201,44,2,135,1,24,2,—,—,—,—,—,—,—,—,—
2017,Puerto Rico,Published,19,—,43,—,37,23,2,25,65,59,124,0,0,0,0,0,0,124,0,0,9,1,2,1,2,2,0,2,4,2,0,4,4,0,0,—,1,0,2,9,17,3,5,3,2,23,0,—,1,0,22,2,0,0,1,—,—,88,124,19,0,110,0,0,2,—,—,—,—,—,—,—,—,—
2017,South Carolina,Published,1,—,4,—,14,35,3,38,32,25,57,0,0,0,34,0,22,1,0,3,1,0,0,0,3,2,1,3,10,0,0,3,1,1,0,—,0,0,1,1,8,1,0,2,2,10,0,—,1,0,1,0,0,2,0,—,—,43,57,3,0,56,1,0,0,—,—,—,—,—,—,—,—,—
2017,South Dakota,Published,1,—,3,—,5,8,0,8,6,11,17,1,3,0,1,0,11,0,1,0,0,0,0,1,1,4,0,1,1,0,1,0,0,0,0,—,0,0,1,0,0,0,0,1,2,3,0,—,0,0,1,0,0,0,0,—,—,9,17,13,0,0,2,2,0,—,—,—,—,—,—,—,—,—
2017,Tennessee,Published,0,—,6,—,15,27,3,30,28,23,51,2,0,0,19,0,28,0,2,1,1,0,0,0,1,2,0,1,5,0,2,1,4,0,0,—,0,0,2,3,13,0,0,1,1,8,0,—,0,0,4,0,0,0,1,—,—,40,51,5,0,46,0,0,0,—,—,—,—,—,—,—,—,—
2017,Texas,Published,7,—,39,—,81,134,19,153,144,136,280,63,3,10,68,0,131,5,0,12,10,0,6,2,1,20,2,16,7,1,5,22,10,3,3,—,0,3,2,18,64,4,3,5,18,31,0,—,1,0,7,0,3,1,0,—,—,188,280,94,0,167,17,7,0,—,—,—,—,—,—,—,—,—
2017,Utah,Published,0,—,16,—,35,39,6,45,40,56,96,4,1,2,3,0,80,1,5,1,1,0,0,0,1,7,0,7,5,0,4,1,5,0,0,—,1,0,1,3,32,0,0,2,9,13,0,—,0,0,3,0,0,0,0,—,—,77,96,16,5,74,2,0,1,—,—,—,—,—,—,—,—,—
2017,Virgin Islands,Published,1,—,4,—,4,8,1,9,9,9,18,3,0,1,14,0,0,0,0,0,1,0,0,0,0,2,0,0,0,0,0,1,2,0,0,—,0,1,1,0,0,0,0,9,0,1,0,—,0,0,0,0,0,0,0,—,—,5,18,3,2,3,1,2,7,—,—,—,—,—,—,—,—,—
2017,Vermont,Published,1,—,1,—,7,26,2,28,20,17,37,1,0,0,2,0,31,0,3,4,0,0,0,0,0,0,0,0,2,0,0,1,1,0,0,—,0,0,1,2,10,0,0,0,2,5,0,—,0,0,0,0,0,1,8,—,—,31,37,0,0,34,4,1,1,—,—,—,—,—,—,—,—,—
2017,Washington,Published,0,—,9,—,33,74,5,79,58,63,121,7,5,4,30,0,69,5,1,7,2,0,3,1,5,5,0,6,2,1,1,4,5,2,1,—,0,0,1,8,25,2,0,6,3,12,12,—,1,0,3,0,0,3,0,—,—,70,121,19,0,99,0,3,0,—,—,—,—,—,—,—,—,—
2017,Wisconsin,Published,25,—,10,—,33,27,1,28,53,43,96,3,1,0,21,1,68,2,0,5,1,0,1,3,2,4,0,6,2,1,4,6,2,0,0,—,0,0,3,9,15,1,1,1,2,20,0,—,0,0,3,0,0,3,1,—,—,64,96,1,2,89,1,4,0,—,—,—,—,—,—,—,—,—
2017,West Virginia,Published,0,—,6,—,8,4,3,7,7,14,21,1,0,0,2,0,16,2,0,0,3,0,1,0,0,1,0,2,3,0,1,0,0,0,0,—,0,0,0,1,4,0,0,0,2,1,0,—,1,0,1,0,0,0,0,—,—,15,21,6,0,14,0,0,1,—,—,—,—,—,—,—,—,—
2017,Wyoming,Published,0,—,1,—,4,9,2,11,7,9,16,0,0,0,0,0,16,0,0,1,0,0,0,0,0,0,0,1,0,0,0,1,1,0,0,—,0,0,1,1,4,0,0,0,0,4,0,—,0,0,2,0,0,0,0,—,—,14,16,9,7,0,0,0,0,—,—,—,—,—,—,—,—,—
2017,Alaska,Published,0,—,0,—,3,15,0,15,8,10,18,1,4,0,1,0,11,0,1,0,0,0,0,1,1,0,0,0,0,0,1,1,0,0,1,—,0,0,1,0,4,1,0,1,1,5,0,—,0,0,0,0,0,0,0,—,—,12,18,13,0,3,1,0,1,—,—,—,—,—,—,—,—,—
2017,California,Published,35,—,58,—,185,408,36,444,368,354,722,180,11,35,164,10,267,23,32,1,15,4,2,4,9,47,5,48,32,9,21,53,12,2,4,—,2,4,15,28,167,4,5,6,14,123,1,—,4,0,43,1,2,3,32,—,—,557,722,157,10,480,6,18,14,—,—,—,—,—,—,—,—,—
2017,Indiana,Published,3,—,6,—,15,20,1,21,28,17,45,0,0,0,11,0,33,0,1,0,3,0,0,0,1,2,0,4,3,0,1,2,3,0,0,—,0,1,2,2,7,1,2,0,1,9,0,—,0,0,0,0,1,0,0,—,—,31,45,8,2,33,1,0,1,—,—,—,—,—,—,—,—,—
2017,New Jersey,Published,3,—,15,—,30,51,3,54,49,53,102,13,0,3,26,0,58,0,2,0,5,0,2,0,3,14,0,2,6,0,2,5,2,0,1,—,0,0,2,5,23,0,0,0,5,13,0,—,0,0,4,0,2,0,6,—,—,70,102,24,1,78,0,0,1,—,—,—,—,—,—,—,—,—
2017,New Mexico,Published,1,—,1,—,4,17,2,19,11,14,25,12,2,1,1,0,9,0,0,6,0,0,0,0,0,0,1,1,3,0,0,1,0,0,0,—,0,0,0,0,6,2,0,0,1,4,0,—,0,0,0,0,0,0,0,—,—,16,25,20,1,0,1,1,2,—,—,—,—,—,—,—,—,—
2017,Nevada,Published,0,—,3,—,2,19,4,23,14,14,28,3,0,1,7,0,17,0,0,1,0,0,1,0,0,0,0,1,1,0,0,0,1,0,0,—,0,0,0,3,4,0,0,0,5,8,0,—,0,0,2,1,0,0,0,—,—,24,28,12,0,14,1,0,2,—,—,—,—,—,—,—,—,—
2017,Rhode Island,Published,2,—,8,—,9,26,4,30,13,36,49,7,0,1,1,0,37,1,2,0,0,0,0,0,0,4,0,2,1,0,1,7,1,1,0,—,0,0,2,6,9,0,0,0,2,8,0,—,0,0,3,0,0,0,2,—,—,38,49,30,1,12,2,2,2,—,—,—,—,—,—,—,—,—
2017,District of Columbia,Published,0,—,8,—,9,16,3,19,14,22,36,1,0,0,32,0,2,1,0,2,2,0,0,0,0,4,0,4,2,0,0,2,0,0,0,—,0,0,0,1,10,1,0,1,1,4,0,—,0,0,2,0,0,0,0,—,—,25,36,1,0,39,3,6,0,—,—,—,—,—,—,—,—,—
2017,Ohio,Published,3,—,18,—,34,67,8,75,59,71,130,1,0,0,27,0,66,2,34,0,3,1,1,0,1,13,1,3,8,0,3,7,3,0,0,—,0,0,1,9,33,1,2,3,9,15,1,—,3,0,3,1,0,1,4,—,—,93,130,61,0,68,3,2,1,—,—,—,—,—,—,—,—,—
2017,Virginia,Published,14,—,15,—,12,22,3,25,26,40,66,2,0,2,31,0,27,2,2,0,3,1,0,0,0,8,1,6,3,0,0,3,0,0,0,—,0,0,1,9,13,0,0,2,3,6,0,—,0,0,5,1,0,0,1,—,—,43,66,5,4,44,2,10,1,—,—,—,—,—,—,—,—,—
2017,Oklahoma,Published,1,—,7,—,17,26,3,29,28,26,54,2,4,0,13,0,31,4,0,1,1,0,1,0,2,2,0,4,4,1,0,2,0,1,1,—,0,1,2,0,5,0,0,0,4,16,0,—,0,0,2,1,0,0,3,—,—,45,54,5,1,49,0,0,1,—,—,—,—,—,—,—,—,—
2017,New York,Published,6,—,37,—,74,168,18,186,138,165,303,27,3,11,91,0,160,8,3,7,12,0,0,8,6,22,1,8,8,3,11,10,7,0,3,—,0,3,5,14,76,3,1,16,14,32,2,—,0,0,21,1,1,5,3,—,—,190,303,40,0,261,6,0,1,—,—,—,—,—,—,—,—,—
2017,New Mexico,Published,0,—,1,—,1,2,0,2,0,4,4,0,4,0,0,0,0,0,0,2,0,0,0,0,0,0,0,0,0,0,0,0,0,0,0,—,0,0,0,0,0,0,0,0,0,1,0,—,0,0,1,0,0,0,0,—,—,2,4,3,0,1,0,0,0,—,—,—,—,—,—,—,—,—
2017,Connecticut,Published,0,—,0,—,2,2,4,6,2,6,8,0,0,0,0,0,8,0,0,0,0,0,0,0,0,1,0,1,0,0,0,0,0,0,0,—,0,0,0,0,2,0,0,0,0,4,0,—,0,0,0,0,0,0,0,—,—,7,8,1,0,7,0,0,0,—,—,—,—,—,—,—,—,—
2018,Northern Marianas,Published,2,—,0,—,2,5,0,5,3,6,9,0,0,2,0,5,2,0,0,0,1,0,0,0,0,1,0,0,0,1,0,0,0,0,0,—,0,0,1,0,1,0,0,0,1,2,0,—,0,0,1,0,0,0,0,—,—,6,9,2,0,7,0,0,0,—,—,—,—,—,—,—,—,—
2018,New Mexico,Published,0,—,0,—,1,1,0,1,1,1,2,0,2,0,0,0,0,0,0,1,0,0,0,0,0,0,0,0,0,0,0,0,0,0,0,—,0,0,0,0,0,0,0,0,0,0,0,—,0,0,1,0,0,0,0,—,—,1,2,2,0,0,0,0,0,—,—,—,—,—,—,—,—,—
2018,Massachusetts,Published,2,—,15,—,26,45,2,47,43,47,90,6,1,2,11,0,56,2,12,4,2,1,0,1,4,11,0,9,1,0,0,4,1,0,0,—,1,0,0,3,26,1,0,3,5,7,0,—,0,1,2,0,1,1,1,—,—,59,90,8,0,76,4,2,0,—,—,—,—,—,—,—,—,—
2018,Alabama,Published,3,—,10,—,12,18,0,18,23,20,43,1,0,0,16,0,26,0,0,1,3,0,0,2,0,1,0,2,0,0,2,9,0,0,0,—,0,1,0,1,10,0,1,0,3,1,0,—,0,0,0,0,0,0,6,—,—,31,43,42,0,10,1,2,1,—,—,—,—,—,—,—,—,—
2018,Arkansas,Published,2,—,6,—,7,18,1,19,18,16,34,1,0,0,16,0,16,1,0,1,0,0,0,0,0,2,2,3,3,0,1,0,0,0,0,—,0,0,0,5,8,0,1,0,2,0,0,—,0,0,4,1,1,0,0,—,—,21,34,23,0,10,0,1,0,—,—,—,—,—,—,—,—,—
2018,American Samoa,Published,0,—,12,—,8,0,0,0,15,5,20,0,0,0,0,20,0,0,0,1,0,0,3,8,0,0,0,4,0,0,0,0,0,0,2,—,0,0,0,0,2,0,0,0,0,0,0,—,0,0,0,0,0,0,0,—,—,9,20,12,4,0,4,0,0,—,—,—,—,—,—,—,—,—
2018,Arizona,Published,5,—,18,—,37,62,8,70,69,61,130,24,3,5,17,0,79,2,0,2,2,0,0,1,3,13,1,7,10,1,4,8,8,1,0,—,1,1,0,7,35,0,0,3,4,11,0,—,0,0,5,0,2,0,0,—,—,90,130,4,5,121,1,0,0,—,—,—,—,—,—,—,—,—
2018,Colorado,Published,0,—,2,—,5,16,0,16,11,12,23,3,0,0,2,0,16,1,1,0,2,0,0,0,2,2,0,3,0,0,1,2,1,0,0,—,0,0,0,2,2,0,0,1,1,3,0,—,0,0,0,0,0,0,1,—,—,13,23,17,1,4,1,0,0,—,—,—,—,—,—,—,—,—
2018,Delaware,Published,2,—,1,—,5,8,0,8,8,8,16,0,0,0,8,0,8,0,0,2,0,0,0,0,2,0,0,3,0,0,1,1,1,0,0,—,0,0,0,1,2,0,0,2,0,0,0,—,0,0,0,0,0,0,1,—,—,8,16,14,0,3,5,2,1,—,—,—,—,—,—,—,—,—
2018,Florida,Published,11,—,45,—,39,114,14,128,95,128,223,52,0,3,53,0,100,2,13,0,8,3,3,1,6,28,1,18,5,0,5,14,14,1,2,—,0,1,3,8,35,2,0,8,17,26,0,—,1,0,10,2,0,1,0,—,—,153,223,39,4,134,4,46,1,—,—,—,—,—,—,—,—,—
2018,Georgia,Published,1,—,19,—,36,40,5,45,52,49,101,3,0,3,54,0,40,0,1,0,2,1,2,1,1,4,1,11,4,0,1,7,0,1,1,—,1,0,2,9,20,0,0,0,12,4,0,—,1,0,10,2,0,1,2,—,—,81,101,7,0,90,0,0,7,—,—,—,—,—,—,—,—,—
2018,Guam,Published,1,—,11,—,14,16,1,17,15,28,43,1,0,14,1,24,2,1,0,2,2,0,0,2,3,4,0,3,1,1,0,0,0,0,3,—,0,1,3,2,4,0,0,1,1,2,1,—,1,0,3,0,1,2,0,—,—,20,43,15,0,11,6,3,10,—,—,—,—,—,—,—,—,—
2018,Hawaii,Published,22,—,14,—,5,7,1,8,19,30,49,0,0,8,1,3,10,27,0,0,6,0,0,0,0,10,0,1,0,1,1,2,0,0,0,—,0,1,0,5,8,1,0,1,2,0,0,—,0,0,9,0,0,0,1,—,—,23,49,6,20,0,0,20,2,—,—,—,—,—,—,—,—,—
2018,Iowa,Published,1,—,2,—,8,12,1,13,11,13,24,1,0,0,1,0,17,1,4,4,0,0,0,1,1,0,1,3,1,0,0,1,0,0,0,—,0,0,0,2,8,0,0,0,1,0,0,—,0,0,0,0,1,0,0,—,—,14,24,2,1,21,0,0,0,—,—,—,—,—,—,—,—,—
2018,Idaho,Published,0,—,1,—,7,24,4,28,19,17,36,3,0,1,0,0,30,3,0,2,1,0,1,1,0,2,0,0,1,0,1,2,1,0,0,—,0,0,1,1,9,0,0,0,1,10,0,—,0,0,1,0,0,0,1,—,—,28,36,30,0,0,6,0,0,—,—,—,—,—,—,—,—,—
2018,Illinois,Published,0,—,12,—,11,21,3,24,22,25,47,4,0,0,14,0,27,0,2,2,0,0,0,1,2,4,1,8,2,1,1,1,0,0,0,—,0,0,1,4,8,0,0,0,1,6,1,—,0,0,3,0,0,0,0,—,—,30,47,26,0,20,1,0,0,—,—,—,—,—,—,—,—,—
2018,Kansas,Published,3,—,8,—,10,29,3,32,23,30,53,4,0,0,5,0,43,0,1,0,0,0,0,0,0,3,0,5,0,0,1,4,1,0,1,—,0,0,0,2,23,0,0,4,2,5,0,—,1,0,0,0,1,0,0,—,—,41,53,24,0,29,0,1,0,—,—,—,—,—,—,—,—,—
2018,Kentucky,Published,1,—,2,—,3,9,6,15,9,12,21,0,0,0,3,0,16,2,0,1,1,0,0,0,2,0,0,0,1,0,1,0,1,1,0,—,0,0,1,0,6,0,0,1,1,1,0,—,0,0,1,0,1,0,1,—,—,14,21,18,4,3,1,1,3,—,—,—,—,—,—,—,—,—
2018,Louisiana,Published,0,—,9,—,11,37,4,41,29,32,61,1,0,0,10,0,36,3,1,3,3,0,0,0,1,6,1,3,0,0,1,2,0,0,0,—,0,0,5,5,6,1,0,8,3,5,0,—,0,0,0,0,1,2,5,—,—,31,61,23,1,33,0,3,1,—,—,—,—,—,—,—,—,—
2018,Maryland,Published,1,—,11,—,17,22,3,25,26,28,54,0,0,3,23,0,27,1,0,0,1,0,0,0,2,5,0,3,0,0,0,7,2,0,0,—,0,0,0,6,15,1,3,1,2,6,0,—,0,0,0,0,0,0,0,—,—,35,54,3,7,43,0,0,0,—,—,—,—,—,—,—,—,—
2018,Maine,Published,5,—,11,—,26,64,4,68,49,61,110,0,0,0,4,1,103,1,1,3,2,0,0,1,6,13,0,1,3,0,2,0,5,0,1,—,0,0,0,10,39,0,2,4,2,6,0,—,1,0,3,0,0,0,6,—,—,66,110,7,0,103,0,6,0,—,—,—,—,—,—,—,—,—
2018,Michigan,Published,0,—,14,—,24,45,9,54,40,52,92,5,1,2,38,0,43,1,2,1,1,0,0,1,0,4,0,6,4,0,2,4,4,0,0,—,0,1,1,6,28,0,2,3,3,9,1,—,0,0,7,0,0,4,0,—,—,70,92,12,0,80,1,0,0,—,—,—,—,—,—,—,—,—
2018,Minnesota,Published,13,—,0,—,12,33,1,34,17,42,59,0,1,3,4,0,49,2,0,7,0,0,1,0,0,6,0,8,0,0,1,5,0,0,0,—,0,0,2,2,11,0,0,3,0,2,0,—,0,0,5,0,1,0,5,—,—,39,59,6,0,45,0,0,8,—,—,—,—,—,—,—,—,—
2018,Missouri,Published,2,—,12,—,14,27,3,30,34,24,58,1,0,1,12,0,38,6,0,3,1,2,0,0,3,7,0,4,6,0,2,0,0,0,0,—,0,0,2,6,12,1,1,1,2,3,1,—,0,0,1,0,0,0,0,—,—,32,58,16,1,41,3,0,0,—,—,—,—,—,—,—,—,—
2018,Mississippi,Published,1,—,2,—,6,7,0,7,10,6,16,0,0,0,7,0,9,0,0,0,0,0,0,0,2,1,0,0,1,0,0,1,2,1,0,—,0,0,0,0,2,0,0,3,0,0,0,—,0,0,0,0,0,0,3,—,—,10,16,2,0,13,3,1,0,—,—,—,—,—,—,—,—,—
2018,Montana,Published,0,—,3,—,12,30,3,33,22,26,48,1,9,0,0,0,38,0,0,4,0,0,0,0,0,0,0,0,1,0,0,3,1,0,0,—,0,0,1,2,18,0,0,0,3,8,0,—,0,0,0,0,0,0,7,—,—,42,48,40,2,5,0,1,0,—,—,—,—,—,—,—,—,—
2018,North Carolina,Published,3,—,16,—,19,81,10,91,63,66,129,3,1,0,53,1,70,1,0,3,2,0,3,6,4,4,3,5,5,0,4,4,6,0,2,—,0,0,2,7,20,1,2,0,6,29,1,—,2,0,1,0,1,3,3,—,—,89,129,13,0,66,29,3,1,—,—,—,—,—,—,—,—,—
2018,North Dakota,Published,1,—,11,—,5,11,0,11,14,14,28,2,8,0,2,0,16,1,1,0,1,0,0,0,0,3,0,0,0,0,1,0,0,0,1,—,0,0,0,2,9,0,0,2,1,5,0,—,0,0,1,0,1,0,1,—,—,17,28,15,0,9,0,3,2,—,—,—,—,—,—,—,—,—
2018,Nebraska,Published,0,—,1,—,8,15,3,18,10,17,27,2,1,1,1,0,22,0,0,2,0,1,0,1,2,0,0,2,0,1,0,3,0,0,0,—,0,0,1,1,4,0,0,3,3,0,0,—,0,0,1,0,0,1,1,—,—,17,27,6,2,17,1,1,0,—,—,—,—,—,—,—,—,—
2018,New Hampshire,Published,0,—,4,—,7,16,3,19,19,11,30,0,0,2,0,0,18,1,9,0,0,0,0,0,0,4,0,4,2,0,0,0,2,0,0,—,0,0,0,5,7,1,0,2,0,2,0,—,0,0,0,0,0,0,1,—,—,18,30,2,3,19,0,1,5,—,—,—,—,—,—,—,—,—
2018,Oregon,Published,0,—,2,—,10,24,3,27,24,15,39,2,1,1,1,0,15,1,19,1,0,0,0,2,1,2,0,3,1,0,0,1,0,0,0,—,0,0,0,4,16,0,0,0,1,4,0,—,0,1,1,0,0,0,1,—,—,28,39,8,0,30,0,0,1,—,—,—,—,—,—,—,—,—
2018,Pennsylvania,Published,26,—,50,—,49,97,8,105,121,109,230,6,0,5,74,1,139,5,0,9,10,2,2,2,5,40,2,7,16,2,5,10,5,1,1,—,3,1,3,12,45,4,3,4,6,11,0,—,2,0,12,0,0,1,4,—,—,130,230,39,5,152,5,27,2,—,—,—,—,—,—,—,—,—
2018,Puerto Rico,Published,8,—,29,—,29,16,1,17,45,38,83,0,0,0,0,0,0,83,0,0,4,0,1,0,1,0,0,2,4,1,0,4,3,6,0,—,5,0,4,3,12,1,2,2,1,11,0,—,3,0,11,1,0,0,1,—,—,69,83,12,0,74,0,0,0,—,—,—,—,—,—,—,—,—
2018,South Dakota,Published,0,—,1,—,2,2,0,2,1,4,5,0,1,0,0,0,4,0,0,0,0,0,0,0,1,1,0,0,0,0,0,0,0,0,0,—,0,0,0,1,1,0,0,0,1,0,0,—,0,0,0,0,0,0,0,—,—,2,5,4,0,0,0,0,1,—,—,—,—,—,—,—,—,—
2018,Tennessee,Published,2,—,10,—,13,25,3,28,32,21,53,4,1,0,16,0,30,2,0,2,3,0,0,0,3,7,1,4,6,0,2,0,0,0,0,—,0,1,2,2,7,0,1,2,2,1,0,—,0,0,4,0,0,0,3,—,—,29,53,12,0,41,0,0,1,—,—,—,—,—,—,—,—,—
2018,Texas,Published,13,—,42,—,66,143,22,165,153,133,286,57,2,10,87,0,122,4,0,6,9,0,8,2,5,16,3,32,5,0,9,13,6,6,7,—,0,1,3,19,63,3,2,6,20,28,0,—,0,0,9,0,3,2,0,—,—,195,286,59,0,203,12,14,1,—,—,—,—,—,—,—,—,—
2018,Utah,Published,3,—,9,—,21,28,5,33,26,40,66,10,0,0,3,0,47,0,6,1,1,0,0,0,0,6,0,2,4,0,0,5,3,0,0,—,0,0,0,2,20,0,1,2,3,11,0,—,0,0,5,0,0,0,0,—,—,53,66,9,0,53,1,2,1,—,—,—,—,—,—,—,—,—
2018,Virgin Islands,Published,0,—,3,—,2,5,0,5,6,4,10,0,0,1,9,0,0,0,0,0,0,0,0,0,0,2,0,0,0,0,0,0,2,0,0,—,0,1,0,0,0,0,0,4,0,1,0,—,0,0,0,0,0,0,0,—,—,3,10,3,1,2,0,2,2,—,—,—,—,—,—,—,—,—
2018,Vermont,Published,2,—,1,—,8,21,5,26,19,18,37,1,0,0,2,0,32,0,2,3,1,0,0,2,2,0,1,1,0,0,0,1,0,0,0,—,0,1,2,12,0,0,3,3,1,0,0,—,0,0,0,0,0,0,4,—,—,9,37,4,0,0,7,1,31,—,—,—,—,—,—,—,—,—
2018,Washington,Published,5,—,9,—,35,71,9,80,64,65,129,3,8,8,33,2,62,13,0,9,5,0,1,1,6,4,0,13,2,0,0,8,3,4,1,—,0,2,3,6,35,3,0,8,2,3,5,—,1,0,3,0,0,1,0,—,—,79,129,20,12,72,0,26,5,—,—,—,—,—,—,—,—,—
2018,Wisconsin,Published,25,—,13,—,24,26,0,26,41,47,88,2,2,0,20,1,61,2,0,2,2,0,1,4,0,7,1,2,2,2,2,5,0,0,1,—,0,0,1,7,16,1,0,0,3,22,0,—,1,0,3,0,0,2,1,—,—,59,88,3,0,87,0,3,0,—,—,—,—,—,—,—,—,—
2018,West Virginia,Published,1,—,12,—,6,7,2,9,12,16,28,2,0,0,2,0,22,2,0,0,6,0,1,0,0,1,1,2,1,0,2,0,0,0,1,—,0,0,0,3,4,0,0,0,1,2,0,—,1,0,2,0,0,0,0,—,—,14,28,9,0,16,1,1,3,—,—,—,—,—,—,—,—,—
2018,Wyoming,Published,0,—,3,—,2,5,0,5,2,8,10,2,0,0,0,0,8,0,0,0,0,0,0,0,0,0,0,1,0,0,0,0,0,0,0,—,0,0,0,1,4,0,0,0,0,4,0,—,0,0,0,0,0,0,0,—,—,9,10,6,0,4,0,0,0,—,—,—,—,—,—,—,—,—
2018,Alaska,Published,0,—,1,—,2,9,0,9,5,7,12,1,5,0,2,0,3,1,0,2,0,0,0,0,2,0,0,0,0,0,0,1,1,0,0,—,0,0,0,1,2,0,0,1,0,1,0,—,0,0,1,0,0,0,0,—,—,6,12,10,0,0,1,0,1,—,—,—,—,—,—,—,—,—
2018,California,Published,35,—,77,—,211,392,41,433,376,380,756,192,12,58,159,3,268,36,28,2,16,15,1,0,18,64,4,47,33,6,26,31,18,4,3,—,1,5,10,29,184,5,3,5,17,112,2,—,1,0,46,3,1,2,42,—,—,567,756,197,14,520,12,31,11,—,—,—,—,—,—,—,—,—
2018,Indiana,Published,0,—,10,—,11,19,0,19,24,16,40,0,0,0,5,0,33,0,2,0,0,0,0,0,1,2,0,4,1,0,1,11,3,0,0,—,0,0,1,0,10,0,1,0,1,2,0,—,0,0,1,0,0,0,1,—,—,35,40,2,1,35,0,0,2,—,—,—,—,—,—,—,—,—
2018,New Jersey,Published,2,—,15,—,35,53,7,60,59,53,112,11,0,3,25,0,72,0,1,8,6,0,1,0,4,9,0,2,8,1,2,5,3,0,1,—,0,0,2,9,25,0,2,0,6,12,0,—,0,0,5,0,1,0,0,—,—,69,112,21,1,89,1,0,0,—,—,—,—,—,—,—,—,—
2018,New Mexico,Published,1,—,1,—,5,18,2,20,15,12,27,9,0,0,1,0,17,0,0,1,0,0,0,0,0,0,2,2,2,0,0,2,2,2,0,—,0,0,0,0,7,0,0,0,3,4,0,—,0,0,0,0,0,0,0,—,—,24,27,24,1,2,0,0,0,—,—,—,—,—,—,—,—,—
2018,Nevada,Published,1,—,3,—,2,10,0,10,7,9,16,3,1,0,2,0,9,1,0,2,0,0,0,0,0,0,0,0,1,0,0,0,0,0,0,—,0,0,0,0,2,0,0,0,3,6,0,—,0,0,2,0,0,0,0,—,—,14,16,7,7,0,0,2,0,—,—,—,—,—,—,—,—,—
2018,Rhode Island,Published,0,—,8,—,6,20,3,23,13,24,37,5,0,1,0,0,31,0,0,0,0,0,0,0,0,3,0,2,1,0,0,7,1,1,0,—,0,0,3,4,4,0,0,0,1,6,0,—,0,0,2,0,0,0,2,—,—,30,37,23,0,11,2,1,0,—,—,—,—,—,—,—,—,—
2018,District of Columbia,Published,1,—,7,—,13,11,2,13,15,19,34,4,0,0,25,0,4,1,0,1,3,0,0,0,0,3,0,2,1,0,1,4,2,1,0,—,0,0,0,0,6,1,0,1,0,1,0,—,0,0,7,0,0,0,0,—,—,24,34,3,0,31,2,4,0,—,—,—,—,—,—,—,—,—
2018,Ohio,Published,2,—,18,—,23,55,4,59,53,49,102,0,0,0,18,0,64,0,0,1,3,0,0,1,3,9,1,2,5,1,4,4,0,1,0,—,0,3,3,8,27,0,2,7,5,5,0,—,1,0,3,1,0,0,2,—,—,59,102,39,0,27,14,4,15,—,—,—,—,—,—,—,—,—
2018,Virginia,Published,11,—,18,—,8,26,6,32,40,29,69,9,1,3,24,1,23,4,4,0,4,0,0,0,0,6,0,7,4,0,4,2,0,0,0,—,0,1,0,11,14,0,0,4,1,4,0,—,0,0,5,0,0,0,2,—,—,39,69,9,3,40,3,5,11,—,—,—,—,—,—,—,—,—
2018,Oklahoma,Published,0,—,12,—,10,25,5,30,24,28,52,1,2,0,16,0,29,4,0,4,0,0,1,2,4,3,1,6,2,0,3,1,3,0,2,—,0,0,1,1,4,0,0,1,3,9,0,—,1,0,0,0,0,0,0,—,—,31,52,8,1,32,0,11,0,—,—,—,—,—,—,—,—,—
2018,New York,Published,6,—,41,—,46,140,13,153,120,126,246,25,0,10,59,0,136,9,7,4,10,1,1,4,6,17,2,10,6,3,7,8,5,0,1,—,2,2,4,10,57,3,1,13,11,25,0,—,0,0,25,2,0,2,4,—,—,163,246,45,0,197,3,4,4,—,—,—,—,—,—,—,—,—
2018,South Carolina,Published,1,—,12,—,13,24,1,25,26,25,51,2,0,1,20,0,27,0,1,0,1,0,0,1,3,9,1,2,3,0,4,3,1,0,1,—,0,0,2,2,5,0,0,3,4,2,1,—,0,0,0,0,0,2,1,—,—,25,51,26,0,21,0,1,3,—,—,—,—,—,—,—,—,—
2018,Connecticut,Published,0,—,2,—,3,4,5,9,5,9,14,1,0,0,2,0,11,0,0,0,1,0,0,0,0,4,0,1,0,0,0,0,0,0,0,—,0,0,1,0,1,0,0,0,1,3,0,—,0,0,2,0,0,0,0,—,—,9,14,9,5,0,0,0,0,—,—,—,—,—,—,—,—,—
