Fiscal Year,State,Status,Name,Individuals who are still being served as of October 1,Additional individuals who were served during the year,Total individuals served,Individuals Multiple Cases,Individual still being served as of September 30,Individual requests information,Communication problems between individual and counselor,Conflict about services to be provided,Related to application/eligibility process,Related to assignment to order of selection priority category,Related to IPE development/implementation,Related to independent living services,Other Rehabilitation Act-related problems,Non-Rehabilitation Act related,Related to Title I of the ADA,Information/referral (pre-2014) or Short Term Technical Assistance (2015+),Advisory/interpretational (pre-2014) or Investigation/Monitoring (2015+),Negotiation,Alternative dispute resolution,Administrative/informal review,Formal appeal/fair hearing,Legal remedy,Int Strategies Total,All issues resolved in individuals favor,Some issues resolved in individuals favor,CAP determines VR agency position/decision appropriate,Individuals case lacks legal merit;,Individual chose alternative representation,"Individual decided not to pursue (to 2014), or withdrew complaint (2015+)",Appeals unsuccessful (to 2014) or Issue not resolved in clients favor (2015+),"CAP services not needed due to individuals death, relocation, etc.",Individual refused to cooperate with CAP,CAP unable to take case due to lack of resources,Conflict Interest,Other,Controlling law/policy explained to individual,Application for services completed.,Eligibility determination expedited,Individual participated in evaluation,IPE developed/implemented,Communication re-established between individual and other party,Individual assigned to new counselor/office,Alternative resources identified for individual,ADA/504/EEO/OCR/ complaint made,Other
2011,Arkansas,Published,Disability Rights Center,11,26,37,1,4,0,3,29,2,,0,—,4,0,0,0,1,30,0,2,0,0,—,30,4,0,0,0,0,0,0,0,0,—,—,27,0,0,0,1,4,2,0,0,—
2011,Connecticut,Published,Protection and Advocacy for Persons with Disabilit,25,33,58,1,6,14,5,27,8,,2,—,0,1,2,2,12,32,2,5,0,0,—,30,6,2,1,1,3,2,0,5,0,—,—,9,3,3,2,6,9,3,9,1,—
2011,Delaware,Published,United Cerebral Palsy of Dela. Inc.,6,14,20,0,6,8,11,9,4,,7,—,1,4,2,1,7,1,0,3,0,0,—,5,1,3,2,0,1,0,0,0,0,—,—,4,0,0,0,5,1,1,1,0,—
2011,Florida,Published,Disability Rights Florida,29,288,317,23,71,0,32,145,76,,18,—,0,0,2,10,166,37,1,53,2,4,—,241,9,3,6,2,10,0,2,0,0,—,—,111,57,6,4,0,61,19,3,12,—
2011,Idaho,Published,Disability Rights Idaho Inc.,8,52,60,3,7,4,7,29,17,,4,—,1,0,0,5,38,3,0,10,0,0,—,30,15,2,2,0,5,0,0,2,0,—,—,5,6,5,3,6,6,7,16,1,—
2011,Iowa,Published,Iowa Client Assistance Program,12,22,34,1,6,35,33,29,3,,19,—,2,0,0,0,11,4,0,13,1,0,—,6,10,5,4,0,3,1,0,0,0,—,—,9,1,0,0,9,3,0,7,0,—
2011,Kentucky,Published,Kentucky Client Assistance Program,12,50,62,0,12,2,23,43,13,,3,—,0,0,0,13,27,8,0,2,0,0,—,17,5,7,7,0,3,0,0,11,0,—,—,22,0,1,0,20,3,0,4,0,—
2011,Maine,Published,Bureau of Rehabilitation Services,38,54,92,1,27,92,67,37,14,,34,—,2,0,0,8,18,35,1,1,2,0,—,32,12,18,0,1,0,0,2,0,0,—,—,26,2,1,2,19,6,8,1,0,—
2011,Massachusetts,Published,Massachusetts Office on Disability,21,116,137,9,17,137,53,123,14,,20,—,0,10,1,0,44,78,0,7,0,0,—,91,9,3,6,4,15,0,1,0,0,—,—,22,1,13,4,19,31,5,34,0,—
2011,Minnesota,Published,Legal Aid Society of Minneapolis,31,77,108,0,42,7,10,52,20,,11,—,7,1,0,5,49,11,0,0,0,1,—,15,26,9,4,1,9,0,1,1,0,—,—,11,5,6,1,4,9,3,14,3,—
2011,Missouri,Published,Missouri Protection & Advocacy Services,31,59,90,8,31,3,35,78,25,,40,—,2,1,0,2,28,35,0,2,0,0,—,32,8,15,0,0,9,0,2,1,0,—,—,25,1,2,2,8,14,5,10,0,—
2011,Nebraska,Published,Nebraska Vocational Rehabilitation,4,37,41,2,6,0,0,41,2,,0,—,0,0,0,0,23,14,0,0,0,0,—,16,3,10,0,0,6,0,0,2,0,—,—,15,3,0,0,4,8,6,1,0,—
2011,New Jersey,Published,Disability Rights New Jersey,71,46,117,0,65,1,9,55,9,,41,—,1,1,0,10,28,12,1,1,0,0,—,19,5,5,2,0,9,0,2,8,0,—,—,29,0,1,2,11,3,1,0,0,—
2011,New Mexico,Published,Disability Rights New Mexico,9,15,24,1,7,0,7,13,1,,3,—,0,0,0,1,0,12,2,3,0,0,—,12,2,1,1,0,1,0,0,1,0,—,—,0,1,0,0,5,7,0,3,0,—
2011,New York,Published,NYS CQCAPD,483,331,814,0,612,361,374,463,233,,382,—,41,27,0,61,109,104,2,7,3,0,—,122,30,26,5,1,45,2,7,21,0,—,—,93,22,3,8,77,41,5,36,0,—
2011,North Carolina,Published,Division of Vocational Rehabilitation Services,38,121,159,0,39,1,23,79,19,,16,—,21,0,0,6,18,94,0,2,0,0,—,83,7,10,1,1,18,0,0,0,0,—,—,28,5,3,1,56,15,9,3,0,—
2011,Oregon,Published,Disability Rights Oregon formerly OAC,12,26,38,0,14,1,8,20,5,,4,—,0,0,0,3,2,16,1,0,2,0,—,13,4,0,1,0,6,0,0,0,0,—,—,2,2,0,1,1,5,6,2,2,—
2011,South Carolina,Published,Governor`s Office Client Assistance Program,0,204,204,16,3,204,189,189,31,,14,—,5,2,1,0,156,24,0,37,0,0,—,159,36,10,1,0,13,0,3,0,0,—,—,118,9,3,0,14,65,11,2,0,—
2011,South Dakota,Published,South Dakota Advocacy Services,2,31,33,0,8,0,6,8,19,,0,—,0,0,0,3,7,4,0,12,0,0,—,8,3,5,2,0,0,0,2,6,0,—,—,18,2,0,0,1,3,0,2,0,—
2011,Texas,Published,Disability Rights Texas,189,238,427,19,159,12,119,202,77,,28,—,0,0,0,16,104,99,0,64,2,0,—,169,25,21,8,0,47,0,10,5,76,—,—,50,19,7,0,93,62,35,18,1,—
2011,Vermont,Published,Vermont Client Assistance Program,46,31,77,4,41,4,30,45,7,,7,—,4,2,0,5,4,72,0,0,0,0,—,12,7,0,0,2,13,0,2,1,0,—,—,1,0,0,0,1,6,1,4,0,—
2011,Virginia,Published,Virginia Office for Protection and Advocacy,17,42,59,20,9,0,3,21,25,,6,—,1,0,3,12,42,38,1,12,0,1,—,55,37,1,1,0,12,0,0,0,0,—,—,59,6,7,2,16,6,7,2,0,—
2011,Washington,Published,Client Assistance Program,39,193,232,0,46,50,82,94,82,,49,—,4,1,0,4,70,110,1,47,0,0,—,83,79,38,1,4,19,0,4,3,0,—,—,77,22,32,15,33,30,20,3,0,—
2011,Alabama,Published,Alabama Department of Rehabilitation Services,8,13,21,0,13,1,7,14,1,,0,—,1,0,0,7,2,10,0,0,0,0,—,7,5,1,1,0,4,0,0,1,0,—,—,4,0,0,0,0,6,4,1,0,—
2011,Alaska,Published,Department of Education and Early Development,29,37,66,2,17,62,59,42,23,,42,—,5,1,0,0,15,31,0,2,0,0,—,19,13,3,0,2,2,0,0,10,0,—,—,13,3,0,0,8,13,10,2,0,—
2011,American Samoa,Published,Office of Protection and Advocacy for the Disabled,8,13,21,2,2,44,2,1,5,,3,—,0,4,2,38,12,4,0,6,0,0,—,11,8,2,0,0,5,0,3,0,0,—,—,7,8,2,3,4,11,0,16,1,—
2011,Arizona,Published,Arizona Center for Disability Law,35,54,89,5,50,0,7,75,5,,5,—,0,0,0,7,18,17,1,0,1,0,—,14,13,1,4,0,3,0,0,8,1,—,—,13,0,0,0,9,8,2,3,0,—
2011,California,Published,Sheila Conlon Mentkowski,202,708,910,0,180,182,236,513,147,,118,—,8,0,0,99,232,165,4,27,0,0,—,274,84,33,7,13,56,3,13,45,1,—,—,179,85,8,16,77,90,26,47,0,—
2011,Colorado,Published,Center for Legal Advocacy,11,19,30,4,18,0,7,17,2,,7,—,1,0,0,1,6,5,0,3,2,0,—,7,1,0,2,0,6,0,1,0,0,—,—,6,0,0,1,6,1,1,0,0,—
2011,District of Columbia,Published,"University Legal Services, Inc.",9,26,35,2,14,0,8,8,5,,5,—,1,0,0,0,11,5,0,0,5,0,—,4,7,3,1,0,4,1,0,0,0,—,—,7,0,0,0,5,4,0,2,4,—
2011,Georgia,Published,Martin & Jones,39,95,134,2,67,97,130,127,12,,21,—,3,0,0,1,1,67,0,0,0,0,—,30,7,17,6,0,7,0,2,0,0,—,—,3,0,2,2,21,33,0,7,0,—
2011,Guam,Published,PARENTS-AGENCIES NETWORKING INC. (PAN INC),37,11,48,16,48,85,10,7,5,,11,—,8,6,3,90,36,18,3,11,2,2,—,18,10,13,5,3,2,1,2,3,2,—,—,21,10,6,3,16,5,4,3,5,—
2011,Hawaii,Published,HAWAII DISABILITY RIGHTS CENTER,23,56,79,3,17,6,11,14,42,,5,—,2,2,0,0,19,44,0,0,2,0,—,39,21,1,1,0,0,1,0,2,0,—,—,12,4,12,1,9,20,2,5,0,—
2011,Illinois,Published,Illinois Department of Human Services,30,102,132,0,29,18,50,87,9,,23,—,3,2,0,0,76,19,1,5,2,0,—,35,10,18,9,1,10,2,0,17,0,—,—,65,1,1,0,18,7,2,0,0,—
2011,Indiana,Published,Indiana Protection and Advocacy Services,13,64,77,2,9,3,1,44,28,,1,—,0,0,0,1,63,4,0,0,0,2,—,15,41,5,0,0,3,2,0,4,0,—,—,56,0,2,0,7,2,2,0,0,—
2011,Kansas,Published,The Disability Rights Center of Kansas,26,104,130,6,29,15,18,61,11,,20,—,6,2,1,22,49,7,21,7,1,1,—,37,27,4,7,1,14,2,0,16,0,—,—,33,1,6,0,10,26,8,20,0,—
2011,Louisiana,Published,Advocacy Center,24,82,106,0,20,7,17,69,7,,6,—,0,0,0,27,45,1,9,2,2,0,—,41,9,3,7,0,12,2,0,12,0,—,—,36,0,3,2,7,14,1,6,2,—
2011,Maryland,Published,Maryland Division of Rehabilitation Services -DORS,39,105,144,0,32,0,20,9,35,,78,—,2,0,0,0,22,64,2,18,4,2,—,89,4,6,0,1,6,1,0,5,0,—,—,18,6,3,4,44,25,10,2,0,—
2011,Mississippi,Published,Mississippi Society for Disabilities,0,38,38,0,0,8,6,17,5,,2,—,0,0,0,21,17,0,0,0,0,0,—,5,18,13,0,2,0,0,0,0,0,—,—,28,1,4,1,1,2,0,1,0,—
2011,Montana,Published,Disability Rights Montana,31,79,110,10,38,3,21,33,28,,16,—,8,1,7,0,77,3,0,1,0,2,—,46,7,14,2,2,8,0,0,1,3,—,—,17,1,5,2,14,15,1,6,4,—
2011,Nevada,Published,State Of Nevada Rehabilitation Division,0,27,27,27,0,0,22,4,1,,0,—,0,0,0,0,8,19,0,0,0,0,—,22,0,1,0,1,1,0,0,2,0,—,—,5,1,0,1,1,15,2,2,0,—
2011,New Hampshire,Published,GOVERNOR`S COMMISSION ON DISABILITY,17,16,33,2,31,0,4,8,6,,12,—,1,0,0,2,18,6,4,3,0,0,—,5,3,0,1,0,0,0,1,0,0,—,—,1,0,0,0,3,5,1,0,0,—
2011,North Dakota,Published,Division of Vocational Rehabilitation,13,31,44,0,18,0,9,17,15,,3,—,1,0,0,3,11,14,1,10,0,0,—,17,1,7,0,0,0,0,0,1,0,—,—,5,0,3,0,7,6,1,1,0,—
2011,Northern Marianas,Published,NMPASI,11,7,18,18,3,18,10,18,11,,8,—,0,0,0,0,0,15,3,0,0,0,—,5,4,4,0,0,2,0,1,2,0,—,—,18,18,5,0,7,0,0,0,0,—
2011,Ohio,Published,Ohio Legal Rights Service,47,118,165,7,40,7,72,44,27,,1,—,7,2,11,42,62,19,2,9,22,2,—,76,13,10,4,1,21,3,0,3,0,—,—,65,1,1,3,4,40,6,11,5,—
2011,Oklahoma,Published,Office of Disability Concerns,12,109,121,22,13,33,56,48,16,,129,—,6,5,2,61,162,1,0,1,0,0,—,84,8,18,1,0,8,0,1,1,0,—,—,54,2,2,0,23,64,14,4,0,—
2011,Pennsylvania,Published,Center for Disability Law & Policy,85,137,222,1,68,0,84,62,43,,27,—,6,0,0,7,32,87,0,7,1,0,—,70,30,0,0,2,25,0,4,0,0,—,—,28,0,7,14,35,37,7,4,2,—
2011,Puerto Rico,Published,OFFICE OF THE OMBUDSMAN FOR PERSONS WITH DISABILIT,76,104,180,17,72,2,3,94,22,,35,—,14,7,5,4,16,52,12,22,1,2,—,78,8,7,6,0,6,3,0,1,0,—,—,19,9,6,3,66,0,3,2,1,—
2011,Rhode Island,Published,RHODE ISLAND DISABILITY LAW CENTER INC.,38,20,58,2,34,3,11,21,10,,8,—,2,2,3,5,17,3,1,0,0,0,—,6,3,3,5,2,6,0,0,1,0,—,—,13,0,0,1,3,1,0,1,0,—
2011,Tennessee,Published,Disability Law & Advocacy of Tennessee,28,56,84,4,11,0,14,37,10,,26,—,0,0,0,2,33,28,0,8,6,0,—,36,13,5,0,0,18,2,0,3,0,—,—,29,1,0,3,21,6,5,4,0,—
2011,Utah,Published,Disability Law Center,11,215,226,10,28,2,14,9,6,,3,—,197,0,0,57,73,65,0,16,0,0,—,125,29,2,22,0,28,0,0,5,0,—,—,98,0,9,40,20,8,9,13,14,—
2011,Virgin Islands,Published,Disability Rights Center of the Virgin Islands,13,13,26,2,6,0,1,3,7,,9,—,2,6,0,1,6,10,0,4,1,0,—,6,6,1,1,0,0,0,0,3,5,—,—,2,0,1,2,3,1,0,1,10,—
2011,West Virginia,Published,West Virginia Advocates,9,31,40,4,17,0,8,7,11,,15,—,2,0,1,0,22,3,0,1,0,0,—,15,4,2,0,0,2,2,0,1,0,—,—,6,0,0,1,8,6,1,1,1,—
2011,Wisconsin,Published,Wisconsin Client Assistance Program,27,103,130,1,31,4,19,82,18,,6,—,3,0,0,3,35,24,2,36,0,0,—,42,18,16,10,1,10,3,0,0,0,—,—,38,1,0,4,4,9,38,2,0,—
2011,Wyoming,Published,Protection & Advocacy System Inc.,1,9,10,0,0,0,3,2,2,,0,—,3,0,0,0,1,9,0,0,0,0,—,5,2,2,0,0,1,0,0,0,0,—,—,0,0,1,0,4,3,1,1,0,—
2011,Michigan,Published,Michigan Protection and Advocacy Service Inc.,57,114,171,8,46,0,32,42,50,,52,—,2,0,0,2,18,108,1,2,3,0,—,82,8,13,3,0,13,3,12,0,0,—,—,31,3,8,4,36,23,22,7,0,—
2011,District of Columbia,Published,"University Legal Services, Inc.",9,54,63,2,10,1,13,23,14,,10,—,5,1,0,0,31,10,2,0,10,0,—,21,12,3,3,0,12,1,0,0,1,—,—,22,1,0,2,16,4,0,4,1,—
2012,Arkansas,Published,Disability Rights Center of Arkansas,4,29,33,1,8,0,0,24,4,,0,—,0,0,0,0,0,20,0,6,0,0,—,22,1,1,0,0,2,0,0,0,0,—,—,21,2,2,0,0,1,0,0,0,—
2012,Connecticut,Published,Protection and Advocacy for Persons with Disabilit,6,20,26,0,16,1,6,16,2,,0,—,0,0,1,1,0,3,1,5,0,0,—,5,0,1,0,0,0,1,0,3,0,—,—,1,0,1,1,2,0,2,0,3,—
2012,Delaware,Published,United Cerebral Palsy of Dela. Inc.,9,17,26,1,9,17,15,12,1,,13,—,0,2,5,3,5,8,1,0,0,0,—,5,2,2,0,0,3,0,1,4,0,—,—,9,0,0,1,5,2,0,0,0,—
2012,Florida,Published,Disability Rights Florida,72,191,263,263,10,0,33,111,98,,18,—,1,0,5,7,157,23,0,38,3,0,—,199,18,1,2,1,5,0,2,0,0,—,—,77,75,5,2,0,46,14,3,6,—
2012,Idaho,Published,"Disability Rights Idaho, Inc.",7,39,46,2,4,5,5,19,12,,6,—,0,0,0,3,26,1,0,14,0,0,—,22,9,4,3,0,5,0,0,1,0,—,—,14,6,2,0,3,3,3,1,4,—
2012,Iowa,Published,Iowa Client Assistance Program,6,23,29,0,5,29,28,20,5,,11,—,1,0,1,0,13,3,0,11,1,0,—,5,5,9,0,0,3,1,0,1,0,—,—,12,1,2,1,2,3,3,0,0,—
2012,Kentucky,Published,Kentucky Client Assistance Program,21,35,56,0,21,0,24,46,4,,2,—,0,0,0,6,23,5,1,0,0,0,—,13,7,5,0,0,1,0,0,8,0,—,—,12,2,0,1,18,0,0,2,0,—
2012,Maine,Published,Bureau of Rehabilitation Services,27,60,87,1,24,87,76,65,7,,34,—,3,0,0,13,34,15,1,0,0,0,—,25,9,17,1,3,5,0,1,2,0,—,—,34,1,1,1,8,13,3,1,0,—
2012,Massachusetts,Published,Massachusetts Office on Disability,17,133,150,3,13,12,102,121,23,,46,—,0,0,0,0,63,68,0,9,0,0,—,103,10,1,3,0,23,0,0,0,0,—,—,79,0,2,0,13,11,8,27,0,—
2012,Minnesota,Published,Legal Aid Society of Minneapolis,41,68,109,0,49,10,13,48,7,,13,—,13,4,1,22,21,16,0,0,0,1,—,16,16,7,6,2,8,0,2,3,0,—,—,17,2,2,2,6,12,1,11,2,—
2012,Missouri,Published,Missouri Protection & Advocacy Services,31,32,63,8,22,3,22,55,14,,24,—,1,0,0,4,6,34,0,2,3,0,—,29,6,2,1,0,7,2,0,2,0,—,—,17,1,3,4,5,8,6,4,1,—
2012,Nebraska,Published,Nebraska Vocational Rehabilitation,6,44,50,0,3,0,2,44,4,,0,—,0,0,0,0,22,25,0,0,0,0,—,30,2,10,0,0,5,0,0,0,0,—,—,17,0,0,0,11,15,4,0,0,—
2012,New Jersey,Published,Disability Rights New Jersey,65,39,104,0,69,1,7,46,7,,42,—,1,1,0,6,14,7,6,2,0,0,—,18,7,0,3,0,3,0,0,3,0,—,—,10,1,0,1,14,3,1,2,0,—
2012,New Mexico,Published,Disability Rights New Mexico,7,28,35,35,16,3,11,17,0,,3,—,0,1,0,3,1,10,0,4,0,1,—,13,1,1,1,0,1,0,0,2,0,—,—,1,3,0,0,5,4,0,5,0,—
2012,New York,Published,NYS CQCAPD,612,337,949,0,511,433,438,528,292,,406,—,86,26,123,50,97,102,0,8,0,1,—,101,50,36,2,2,32,3,5,17,0,—,—,88,28,9,13,56,31,8,28,2,—
2012,North Carolina,Published,Division of Vocational Rehabilitation Services,39,124,163,0,50,0,16,84,26,,31,—,6,0,0,2,27,78,0,3,3,0,—,80,9,7,1,2,13,0,0,1,0,—,—,25,3,5,2,66,8,3,1,0,—
2012,Oregon,Published,Disability Rights Oregon formerly OAC,14,40,54,1,12,0,17,28,5,,4,—,0,1,0,0,7,32,0,1,4,0,—,32,4,1,2,0,0,1,1,2,0,—,—,3,1,2,1,7,6,10,11,0,—
2012,South Carolina,Published,Governor`s Office Client Assistance Program,3,178,181,15,4,181,174,170,30,,13,—,2,0,1,0,125,37,0,33,0,0,—,112,45,12,0,0,20,0,6,0,0,—,—,102,4,5,1,21,49,13,0,0,—
2012,South Dakota,Published,South Dakota Advocacy Services,8,31,39,0,7,0,9,12,16,,0,—,2,0,0,0,12,11,0,9,0,0,—,17,2,2,3,0,2,0,0,6,0,—,—,4,5,3,0,2,3,2,4,5,—
2012,Texas,Published,Disability Rights Texas,150,259,409,14,171,10,82,212,85,,26,—,1,0,0,22,107,59,4,50,3,0,—,119,22,12,11,0,43,4,7,27,0,—,—,106,16,4,0,66,28,18,7,0,—
2012,Vermont,Published,Vermont Client Assistance Program,41,25,66,1,27,4,26,40,6,,5,—,3,1,0,5,3,58,0,0,0,0,—,13,14,2,1,0,3,0,0,3,0,—,—,2,0,0,0,4,4,3,3,0,—
2012,Virginia,Published,Virginia Office for Protection and Advocacy,9,42,51,17,12,4,10,26,19,,3,—,8,0,1,5,37,38,6,3,4,7,—,60,36,2,0,1,1,0,0,0,0,—,—,47,3,8,3,19,7,9,3,0,—
2012,Washington,Published,Client Assistance Program,39,172,211,0,30,29,83,70,69,,72,—,3,0,10,16,51,102,4,38,0,0,—,73,59,34,5,6,16,1,5,12,0,—,—,39,16,13,13,41,22,15,0,0,—
2012,Alabama,Published,Alabama Department of Rehabilitation Services,10,21,31,0,10,2,11,14,1,,1,—,2,1,0,7,1,19,0,0,0,0,—,12,3,2,1,0,3,1,2,4,0,—,—,0,0,0,0,0,4,4,15,0,—
2012,Alaska,Published,Alaska State Department of Education,0,35,35,1,10,0,7,15,4,,9,—,1,0,0,0,23,0,0,3,0,0,—,4,1,3,4,0,3,1,1,3,6,—,—,3,0,0,1,1,5,1,0,0,—
2012,American Samoa,Published,Office of Protection and Advocacy for the Disabled,4,9,13,4,0,45,13,2,5,,3,—,0,0,2,16,2,3,1,5,0,0,—,13,2,2,1,0,0,0,0,0,0,—,—,4,9,1,2,5,3,0,6,0,—
2012,Arizona,Published,Arizona Center for Disability Law,47,88,135,1,60,1,7,10,9,,3,—,106,0,0,7,35,32,1,0,1,0,—,37,19,3,7,0,3,1,0,6,0,—,—,32,1,2,0,6,28,3,1,1,—
2012,California,Published,Sheila Conlon Mentkowski,166,709,875,0,149,134,135,411,118,,103,—,27,3,3,99,481,127,10,24,0,0,—,310,167,58,8,21,71,1,6,28,27,—,—,379,39,6,13,90,100,34,40,0,—
2012,Colorado,Published,Center for Legal Advocacy,19,17,36,2,12,0,9,17,2,,8,—,2,0,0,2,6,15,0,3,0,0,—,11,4,3,3,1,3,0,1,0,0,—,—,9,0,0,0,3,5,6,3,0,—
2012,Georgia,Published,Martin & Jones,53,58,111,9,52,9,68,105,5,,21,—,1,0,3,1,38,26,2,0,0,0,—,50,3,4,5,0,3,0,0,1,0,—,—,15,1,1,0,28,19,1,1,0,—
2012,Guam,Published,PARENTS-AGENCIES NETWORKING INC. (PAN INC),18,21,39,13,39,85,7,5,10,,8,—,1,4,2,156,34,7,1,5,0,0,—,18,6,12,1,1,0,0,5,1,1,—,—,15,11,7,5,9,3,0,4,1,—
2012,Hawaii,Published,HAWAII DISABILITY RIGHTS CENTER,18,63,81,2,21,4,5,13,43,,15,—,2,1,0,0,24,37,0,0,0,0,—,49,6,1,0,0,3,0,0,2,0,—,—,6,13,10,0,20,7,0,5,0,—
2012,Illinois,Published,Illinois Department of Human Services,29,106,135,0,17,10,59,86,15,,26,—,4,1,0,0,104,14,0,0,0,0,—,45,12,8,11,2,19,0,0,20,0,—,—,91,0,1,10,4,8,2,0,2,—
2012,Indiana,Published,Indiana Protection and Advocacy Services,11,47,58,1,13,2,1,38,16,,1,—,0,0,0,2,38,2,1,0,2,0,—,12,4,13,4,0,7,2,0,3,0,—,—,34,0,1,0,6,3,1,0,0,—
2012,Kansas,Published,The Disability Rights Center of Kansas,29,63,92,8,13,6,18,53,6,,8,—,3,1,0,19,27,15,17,6,0,5,—,37,20,5,7,0,6,2,1,6,0,—,—,32,4,3,1,18,15,3,9,1,—
2012,Louisiana,Published,Advocacy Center,16,62,78,78,0,0,17,51,7,,3,—,0,0,0,20,30,30,11,17,0,0,—,39,15,3,5,0,10,0,0,6,0,—,—,27,0,6,0,10,18,3,4,10,—
2012,Maryland,Published,Maryland Division of Rehabilitation Services -DORS,31,112,143,2,17,0,28,50,19,,48,—,0,0,0,4,8,58,3,55,0,0,—,100,4,13,1,0,2,1,3,4,0,—,—,14,6,4,3,37,25,16,5,0,—
2012,Mississippi,Published,Mississippi Society for Disabilities,2,29,31,0,2,8,3,17,3,,0,—,0,0,0,15,16,0,0,0,0,0,—,3,10,15,0,0,3,0,0,0,0,—,—,27,1,2,0,0,1,0,0,0,—
2012,Montana,Published,Disability Rights Montana,26,77,103,7,31,0,23,36,23,,13,—,7,0,5,4,74,0,0,0,1,0,—,41,5,10,2,1,13,2,0,2,2,—,—,11,2,4,1,12,18,1,8,4,—
2012,Nevada,Published,State Of Nevada Rehabilitation Division,0,59,59,0,5,4,33,14,4,,1,—,0,0,0,0,36,24,0,0,0,0,—,46,2,3,2,0,6,0,0,0,0,—,—,13,6,2,0,10,13,12,2,0,—
2012,New Hampshire,Published,GOVERNOR`S COMMISSION ON DISABILITY,21,18,39,3,37,5,5,9,7,,13,—,0,0,0,3,23,7,3,2,0,0,—,6,4,0,2,0,0,0,2,0,0,—,—,2,2,0,0,4,4,2,0,0,—
2012,North Dakota,Published,Division of Vocational Rehabilitation,18,50,68,5,45,1,21,19,16,,14,—,1,0,0,5,1,19,0,2,0,0,—,17,6,2,0,0,2,0,0,0,0,—,—,4,2,2,0,6,6,5,2,0,—
2012,Northern Marianas,Published,NMPASI,3,16,19,0,14,0,0,1,11,,7,—,0,0,0,0,0,15,4,0,0,0,—,3,0,0,0,0,2,0,0,0,0,—,—,1,2,0,0,2,0,0,0,0,—
2012,Ohio,Published,Disability Rights Ohio,35,147,182,14,47,15,59,76,14,,3,—,9,6,12,50,56,12,2,20,8,1,—,73,21,7,13,2,25,6,1,7,0,—,—,32,9,11,4,7,49,5,32,6,—
2012,Oklahoma,Published,Office of Disability Concerns,13,137,150,5,7,53,66,58,25,,110,—,5,2,1,69,153,1,0,0,0,0,—,78,1,58,0,1,1,0,1,1,0,—,—,63,6,1,1,31,32,14,0,0,—
2012,Pennsylvania,Published,Center for Disability Law & Policy,68,167,235,1,76,0,87,55,48,,39,—,6,0,0,7,40,104,3,6,0,0,—,85,34,0,1,2,32,0,6,0,0,—,—,45,4,5,15,33,41,13,4,0,—
2012,Puerto Rico,Published,OFFICE OF THE OMBUDSMAN FOR PERSONS WITH DISABILIT,72,133,205,30,98,0,3,120,22,,31,—,24,2,6,0,17,69,11,14,0,1,—,90,0,9,4,0,5,1,0,2,0,—,—,15,6,19,2,61,1,4,0,3,—
2012,Rhode Island,Published,RHODE ISLAND DISABILITY LAW CENTER INC.,34,26,60,0,24,5,8,23,5,,7,—,3,2,7,6,23,4,1,2,0,0,—,9,3,0,9,0,12,0,0,1,0,—,—,8,0,0,1,6,2,1,4,1,—
2012,Tennessee,Published,Disability Law & Advocacy of Tennessee,11,59,70,2,14,0,0,47,11,,13,—,0,1,0,0,37,20,0,1,0,0,—,18,6,3,2,1,11,0,0,17,0,—,—,20,0,1,1,12,2,1,3,0,—
2012,Utah,Published,Disability Law Center,27,246,273,12,16,50,28,50,53,,3,—,96,0,0,144,65,31,10,15,0,0,—,143,82,1,7,0,19,1,0,10,1,—,—,83,10,12,1,15,25,13,56,9,—
2012,Virgin Islands,Published,Disability Rights Center of the Virgin Islands,6,13,19,1,3,5,0,2,4,,1,—,2,0,0,1,4,11,0,0,0,1,—,5,5,0,0,1,2,0,1,0,3,—,—,4,3,1,1,1,0,1,0,6,—
2012,West Virginia,Published,West Virginia Advocates,17,13,30,2,4,0,7,5,4,,16,—,0,0,0,0,15,12,0,4,0,0,—,17,3,3,1,1,2,0,0,2,0,—,—,7,1,0,1,16,2,0,0,0,—
2012,Wisconsin,Published,Wisconsin Client Assistance Program,31,136,167,7,36,14,32,97,17,,13,—,2,0,0,7,51,33,5,41,0,0,—,52,30,31,10,0,12,2,0,0,0,—,—,80,2,6,2,28,11,80,1,0,—
2012,Wyoming,Published,Protection & Advocacy System Inc.,0,15,15,5,5,0,2,5,5,,1,—,2,0,0,0,0,10,0,0,0,0,—,8,1,0,0,0,1,0,0,0,0,—,—,0,1,1,0,3,3,1,1,0,—
2012,Michigan,Published,Michigan Protection and Advocacy Service Inc.,41,117,158,7,39,1,51,56,21,,32,—,1,1,0,26,8,88,3,0,2,0,—,62,13,15,3,0,15,5,3,11,1,—,—,37,4,5,1,31,29,11,5,0,—
2012,District of Columbia,Published,"University Legal Services, Inc.",10,50,60,2,5,2,6,25,11,,21,—,1,1,0,0,25,20,0,2,8,0,—,30,9,2,3,0,7,4,0,0,0,—,—,18,1,6,0,24,2,0,4,0,—
2013,Northern Marianas,Published,NMPASI,13,11,24,1,7,0,4,2,7,,11,—,0,0,0,0,0,22,0,2,0,0,—,5,7,1,2,0,2,0,0,0,0,—,—,7,1,0,0,6,1,0,2,0,—
2013,Massachusetts,Published,Massachusetts Office on Disability,13,102,115,8,11,17,83,77,28,,34,—,2,5,2,0,63,47,0,5,0,0,—,91,3,9,0,0,10,0,0,0,0,—,—,68,0,0,0,3,12,6,24,0,—
2013,Alabama,Published,Alabama Department of Rehabilitation Services,7,12,19,0,7,1,7,12,1,,1,—,0,0,1,7,3,7,0,0,0,0,—,5,4,4,0,0,3,0,0,1,0,—,—,3,0,0,1,0,2,4,6,0,—
2013,Arkansas,Published,Disability Rights Center of Arkansas,8,39,47,5,5,3,3,32,11,,1,—,0,0,1,10,2,33,1,2,0,0,—,35,2,0,1,1,3,0,2,3,0,—,—,34,2,0,0,0,3,2,3,0,—
2013,American Samoa,Published,Office of Protection and Advocacy for the Disabled,0,10,10,3,2,30,1,7,5,,0,—,0,0,1,20,4,7,3,4,0,0,—,10,3,3,2,0,0,0,0,0,0,—,—,2,6,2,4,6,4,0,3,0,—
2013,Arizona,Published,Arizona Center for Disability Law,55,69,124,3,28,1,6,107,9,,1,—,0,0,0,16,26,55,2,0,0,0,—,45,34,0,6,0,4,1,0,5,4,—,—,36,4,2,2,13,30,2,2,0,—
2013,California,Published,Sheila Conlon Mentkowski,149,905,"1,054",0,162,229,81,402,126,,103,—,14,3,4,0,774,71,6,33,4,0,—,510,217,31,18,16,57,5,8,38,3,—,—,524,56,7,8,96,108,24,62,5,—
2013,Colorado,Published,Center for Legal Advocacy,12,20,32,4,8,0,12,14,2,,4,—,2,0,0,0,6,18,0,3,0,0,—,12,5,1,4,0,3,0,0,2,0,—,—,5,0,1,0,4,9,8,0,0,—
2013,Connecticut,Published,Protection and Advocacy for Persons with Disabilit,16,25,41,1,13,3,7,25,3,,0,—,0,0,3,4,0,12,0,13,0,0,—,18,2,0,1,0,4,0,2,2,0,—,—,0,2,2,0,0,8,5,7,5,—
2013,Delaware,Published,United Cerebral Palsy of Dela. Inc.,9,9,18,0,3,5,15,10,2,,7,—,4,0,4,1,6,10,1,0,0,0,—,8,3,0,0,1,0,0,0,1,2,—,—,1,1,2,1,5,0,2,1,2,—
2013,Florida,Published,Disability Rights Florida,57,293,350,19,65,0,55,185,85,,27,—,1,0,7,2,171,120,0,14,2,0,—,278,11,6,2,0,10,2,0,0,0,—,—,170,44,9,3,0,57,17,6,3,—
2013,Georgia,Published,Martin & Jones,53,58,111,9,52,9,68,105,5,,21,—,1,0,3,1,38,26,2,0,0,0,—,50,3,4,5,0,3,0,0,1,0,—,—,15,1,1,0,28,19,1,1,0,—
2013,Guam,Published,PARENTS-AGENCIES NETWORKING INC. (PAN INC),21,22,43,11,43,2,6,8,0,,11,—,0,3,6,56,18,9,0,13,0,0,—,21,10,7,1,0,1,1,1,1,0,—,—,9,16,8,5,9,6,0,1,4,—
2013,Hawaii,Published,HAWAII DISABILITY RIGHTS CENTER,22,68,90,3,25,1,9,18,47,,13,—,1,4,0,0,24,43,0,1,0,0,—,54,10,2,0,0,1,0,0,1,0,—,—,9,15,13,17,12,0,0,2,0,—
2013,Iowa,Published,Iowa Client Assistance Program,5,9,14,0,3,14,13,12,1,,7,—,0,0,1,0,2,2,0,7,0,0,—,4,4,2,0,0,1,0,0,0,0,—,—,2,0,0,1,5,1,1,1,0,—
2013,Idaho,Published,"Disability Rights Idaho, Inc.",4,35,39,4,6,4,7,8,17,,6,—,0,0,0,5,18,6,0,5,0,0,—,26,3,1,0,0,3,0,0,3,0,—,—,10,6,6,1,2,0,3,3,3,—
2013,Illinois,Published,Illinois Department of Human Services,17,112,129,0,25,4,66,53,15,,18,—,5,4,0,0,98,4,1,0,1,0,—,60,4,5,7,0,15,0,1,9,0,—,—,71,1,1,0,15,9,4,0,0,—
2013,Kansas,Published,The Disability Rights Center of Kansas,13,68,81,3,15,8,14,46,7,,7,—,3,1,0,26,20,4,18,2,1,1,—,22,16,4,8,0,16,1,0,5,0,—,—,37,4,1,1,16,10,1,2,0,—
2013,Kentucky,Published,Kentucky Client Assistance Program,14,35,49,0,14,1,19,38,8,,1,—,0,0,0,3,24,7,0,1,0,0,—,13,7,1,2,0,1,0,1,10,0,—,—,11,0,0,1,22,1,0,0,0,—
2013,Louisiana,Published,Advocacy Center,2,59,61,61,25,0,20,29,4,,4,—,2,2,0,6,1,10,1,18,0,0,—,27,4,0,0,0,0,2,1,2,0,—,—,5,0,0,0,2,9,2,0,18,—
2013,Maryland,Published,Maryland Division of Rehabilitation Services -DORS,17,103,120,0,18,0,14,38,16,,52,—,0,0,0,2,24,58,0,15,2,1,—,73,7,16,0,0,6,0,0,0,0,—,—,21,2,4,8,29,17,19,2,0,—
2013,Maine,Published,Bureau of Rehabilitation Services,26,69,95,1,26,95,73,68,5,,29,—,0,0,0,4,29,24,0,1,0,0,—,33,7,9,1,1,4,0,1,2,0,—,—,27,1,1,2,12,5,8,2,0,—
2013,Michigan,Published,Michigan Protection and Advocacy Service Inc.,35,102,137,3,32,1,49,57,22,,10,—,0,0,0,43,9,52,1,4,0,0,—,52,9,26,2,0,13,2,0,5,0,—,—,41,3,6,2,10,31,14,1,0,—
2013,Minnesota,Published,Mid-Minnesota Legal Assistance,48,75,123,0,54,6,15,58,8,,16,—,13,4,3,30,10,26,1,1,0,1,—,22,28,4,3,1,7,0,0,4,0,—,—,19,1,2,2,6,8,1,16,1,—
2013,Missouri,Published,Missouri Protection & Advocacy Services,22,47,69,3,0,1,27,42,11,,15,—,2,0,0,0,16,33,0,0,1,1,—,28,6,4,0,1,7,1,3,1,0,—,—,18,2,4,1,9,11,3,3,0,—
2013,Mississippi,Published,Mississippi Society for Disabilities,3,38,41,0,3,16,2,12,6,,1,—,0,1,0,19,19,0,0,0,0,0,—,3,14,16,0,1,2,0,0,2,0,—,—,29,0,6,0,0,0,1,2,0,—
2013,Montana,Published,Disability Rights Montana,30,65,95,3,31,1,26,37,17,,13,—,2,1,1,0,64,0,0,2,3,0,—,40,0,2,3,0,19,1,1,0,3,—,—,1,2,7,2,18,4,2,4,2,—
2013,North Carolina,Published,Division of Vocational Rehabilitation Services,50,87,137,0,27,0,16,67,23,,29,—,1,0,0,3,24,81,0,2,0,0,—,71,16,7,0,0,16,0,0,0,0,—,—,21,4,10,1,55,15,3,1,0,—
2013,North Dakota,Published,Division of Vocational Rehabilitation,44,29,73,6,23,1,19,20,19,,16,—,1,0,0,10,7,36,0,1,0,2,—,35,11,1,0,0,2,0,0,2,0,—,—,4,2,3,1,10,16,5,10,0,—
2013,Nebraska,Published,Nebraska Vocational Rehabilitation,3,32,35,0,2,0,1,31,3,,0,—,0,0,0,0,22,11,0,0,0,0,—,20,1,7,0,0,4,0,1,0,0,—,—,14,0,1,0,3,10,5,0,0,—
2013,New Hampshire,Published,GOVERNOR`S COMMISSION ON DISABILITY,15,16,31,3,16,0,3,13,1,,11,—,1,0,2,1,17,7,6,0,0,0,—,12,10,0,2,2,4,0,0,0,1,—,—,4,0,0,0,14,7,1,2,2,—
2013,Nevada,Published,State Of Nevada Rehabilitation Division,11,0,11,0,0,0,3,5,1,,1,—,0,0,0,0,1,8,0,0,2,0,—,2,0,1,0,0,4,0,1,0,0,—,—,1,1,0,0,1,4,0,0,0,—
2013,New York,Published,NYS CQCAPD,511,158,669,0,0,93,71,90,48,,58,—,13,4,15,177,207,128,4,12,4,1,—,116,60,33,11,30,33,0,3,0,0,—,—,112,4,1,1,0,2,2,7,0,—
2013,Ohio,Published,Disability Rights Ohio,47,183,230,130,28,29,29,106,20,,15,—,15,8,23,94,69,24,2,26,6,0,—,87,48,9,14,10,45,7,0,1,5,—,—,86,7,6,3,13,42,12,46,9,—
2013,Oklahoma,Published,Office of Disability Concerns,8,50,58,0,11,69,32,68,8,,9,—,1,2,1,2,20,33,2,1,0,0,—,23,18,16,1,1,4,0,0,1,0,—,—,17,1,2,1,21,13,0,9,0,—
2013,Oregon,Published,Disability Rights Oregon formerly OAC,14,30,44,1,13,1,11,16,4,,3,—,4,2,0,0,6,21,2,1,1,0,—,21,4,0,4,0,2,0,0,0,0,—,—,6,1,2,1,9,1,3,0,8,—
2013,Pennsylvania,Published,Center for Disability Law & Policy,76,143,219,6,72,0,89,62,25,,37,—,6,0,0,3,35,105,1,6,2,0,—,85,35,3,0,1,28,0,5,0,0,—,—,35,0,4,11,46,53,1,2,0,—
2013,Puerto Rico,Published,OFFICE OF THE OMBUDSMAN FOR PERSONS WITH DISABILIT,95,116,211,21,89,0,34,98,18,,35,—,18,1,7,1,10,77,17,6,5,6,—,91,0,23,3,0,2,0,0,3,0,—,—,13,14,17,4,63,1,5,3,2,—
2013,South Carolina,Published,Governor`s Office Client Assistance Program,4,135,139,8,6,129,128,28,10,,1,—,0,0,0,0,107,6,0,27,1,0,—,56,43,17,0,0,23,0,2,0,0,—,—,59,10,3,1,9,50,9,0,0,—
2013,South Dakota,Published,South Dakota Advocacy Services,7,20,27,0,3,0,5,8,10,,1,—,1,2,0,4,12,4,0,3,0,1,—,10,1,0,5,0,4,0,0,4,0,—,—,3,3,1,0,2,4,1,0,2,—
2013,Tennessee,Published,Disability Law & Advocacy Center of Tennessee,14,61,75,1,8,0,11,36,12,,16,—,0,0,0,2,33,33,0,0,0,0,—,31,4,7,1,1,6,0,1,10,1,—,—,27,1,3,1,16,4,3,0,0,—
2013,Texas,Published,Disability Rights Texas,157,191,348,4,122,3,83,182,58,,30,—,0,0,0,24,99,95,1,17,2,0,—,116,22,18,8,3,36,1,8,20,6,—,—,75,16,2,0,71,27,29,17,1,—
2013,Utah,Published,Disability Law Center,15,217,232,17,9,23,40,89,37,,12,—,41,0,0,144,38,12,30,11,1,0,—,146,48,5,11,1,13,0,0,3,0,—,—,78,4,3,0,9,39,5,25,17,—
2013,Virgin Islands,Published,Disability Rights Center of the Virgin Islands,6,18,24,1,10,4,0,2,6,,2,—,3,1,6,3,5,5,0,2,0,0,—,2,3,0,0,1,1,0,0,7,1,—,—,1,1,1,0,0,1,0,4,7,—
2013,Vermont,Published,Vermont Client Assistance Program,27,33,60,4,24,3,24,40,5,,3,—,2,3,0,4,1,62,0,0,0,0,—,17,6,0,2,0,5,0,0,2,0,—,—,3,0,1,0,2,4,2,2,0,—
2013,Washington,Published,Client Assistance Program,30,177,207,0,41,77,95,117,56,,41,—,2,0,7,2,45,99,5,56,0,0,—,80,63,35,0,4,19,0,4,2,0,—,—,60,7,24,14,39,33,27,3,0,—
2013,Wisconsin,Published,Wisconsin Client Assistance Program,36,133,169,2,28,13,40,80,17,,15,—,4,0,0,10,61,41,5,23,2,0,—,55,23,30,12,0,19,2,0,0,0,—,—,68,2,3,5,23,22,68,3,0,—
2013,West Virginia,Published,West Virginia Advocates,4,18,22,1,5,0,3,5,1,,12,—,2,0,0,0,9,7,0,2,0,0,—,12,1,0,0,0,1,0,1,3,0,—,—,3,1,0,1,7,2,0,1,0,—
2013,Wyoming,Published,"Protection & Advocacy System, Inc.",5,10,15,0,0,0,2,8,4,,0,—,1,0,0,0,0,15,0,0,0,0,—,9,4,1,0,0,0,0,1,0,0,—,—,0,0,1,0,8,4,1,1,0,—
2013,Alaska,Published,Alaska State Department of Education,10,13,23,2,10,0,5,7,8,,3,—,2,0,0,0,15,0,0,0,0,0,—,4,3,3,3,0,2,0,0,0,0,—,—,7,0,0,0,2,3,2,0,0,—
2013,Indiana,Published,Indiana Protection and Advocacy Services,13,50,63,4,13,0,1,47,11,,4,—,1,0,0,3,41,5,3,0,1,0,—,10,5,6,17,0,9,0,0,6,0,—,—,29,0,0,0,7,7,3,1,0,—
2013,New Jersey,Published,Disability Rights New Jersey,69,33,102,3,41,3,8,42,10,,40,—,1,1,0,5,29,9,4,16,1,0,—,23,8,9,4,0,10,0,2,8,0,—,—,22,2,2,3,14,3,6,5,0,—
2013,New Mexico,Published,Disability Rights New Mexico,15,15,30,2,7,0,13,14,0,,2,—,0,1,0,2,1,15,1,6,0,0,—,10,8,1,0,0,2,2,1,1,0,—,—,2,1,0,0,10,6,0,6,0,—
2013,Rhode Island,Published,RHODE ISLAND DISABILITY LAW CENTER INC.,24,16,40,0,28,3,8,14,4,,5,—,1,0,5,3,5,4,0,0,0,0,—,4,1,0,0,0,7,0,0,0,0,—,—,1,1,0,1,3,0,0,1,0,—
2013,Virginia,Published,dLCV on behalf of VOPA,14,35,49,6,7,1,4,34,9,,2,—,2,0,1,20,18,12,0,0,0,0,—,18,8,6,0,0,13,0,0,4,1,—,—,24,0,4,1,5,4,0,8,0,—
2013,District of Columbia,Published,"University Legal Services, Inc.",8,33,41,2,2,1,12,24,5,,11,—,1,1,0,0,15,19,0,2,3,0,—,24,5,2,2,1,4,1,0,0,0,—,—,10,2,1,1,20,2,1,2,0,—
2013,New York,Published,"Disability Advocates, Inc. dba DRNY",0,154,154,3,132,5,37,77,18,,17,—,0,0,2,0,17,6,0,1,0,0,—,10,2,2,2,0,6,0,1,0,0,—,—,3,3,3,0,3,4,1,6,0,—
2013,Nevada,Published,Nevada Disability Advocacy & Law Center,0,29,29,0,5,6,6,10,1,,4,—,1,1,0,1,2,4,2,5,1,0,—,11,2,4,0,0,3,1,0,2,1,—,—,5,1,0,1,6,4,2,3,0,—
2014,Northern Marianas,Published,NMPASI,7,8,15,0,8,0,0,5,9,,2,—,0,1,0,1,0,14,0,0,0,0,0,4,0,1,0,0,0,0,1,1,0,—,—,1,0,0,0,3,1,0,0,0,—
2014,Massachusetts,Published,Massachusetts Office on Disability,11,87,98,6,30,22,68,70,15,,47,—,5,2,0,0,42,29,0,3,0,0,0,34,9,7,9,1,14,0,0,0,0,—,—,42,0,0,0,6,15,0,15,0,—
2014,Alabama,Published,Alabama Department of Rehabilitation Services,3,10,13,0,6,0,7,4,1,,1,—,0,0,0,2,0,9,0,2,0,0,0,9,2,1,0,0,1,0,0,2,0,—,—,1,0,0,1,0,1,3,4,0,—
2014,Arkansas,Published,Disability Rights Center of Arkansas,5,26,31,3,5,0,2,15,3,,5,—,1,2,2,2,11,3,0,5,1,0,22,3,2,2,4,0,7,0,0,5,0,—,—,9,0,0,0,0,2,2,0,0,—
2014,American Samoa,Published,Office of Protection and Advocacy for the Disabled,2,8,10,3,2,0,5,7,0,,0,—,0,0,0,48,0,8,4,1,0,0,0,10,6,4,1,0,0,0,0,0,0,—,—,2,5,4,0,6,2,0,2,0,—
2014,Arizona,Published,Arizona Center for Disability Law,28,97,125,7,51,1,8,16,10,,3,—,92,0,0,20,31,27,1,0,3,0,82,38,20,0,3,0,7,2,0,4,8,—,—,37,1,1,0,8,15,4,4,2,—
2014,California,Published,Disability Rights California,162,580,742,117,152,171,114,336,96,,114,—,12,4,4,0,792,60,3,4,2,0,—,489,238,26,20,3,41,0,16,23,5,—,—,576,35,3,12,93,87,19,34,2,—
2014,Colorado,Published,Center for Legal Advocacy,8,18,26,1,18,2,6,11,0,,6,—,1,0,0,0,1,7,1,0,0,0,0,4,1,2,0,0,0,1,0,1,0,—,—,3,0,0,0,1,2,1,0,0,—
2014,Connecticut,Published,Protection and Advocacy for Persons with Disabilit,13,26,39,2,11,2,5,27,3,,1,—,0,0,3,7,0,15,0,8,0,0,0,14,7,0,0,0,4,0,0,5,0,—,—,1,2,2,0,0,5,8,6,6,—
2014,Delaware,Published,"United Cerebral Palsy of Delaware, Inc.",3,16,19,1,7,7,9,5,3,,5,—,2,0,1,4,11,4,0,0,0,0,0,9,0,0,0,0,0,1,0,2,0,—,—,1,0,1,0,2,3,3,2,0,—
2014,Florida,Published,Disability Rights Florida,62,230,292,21,37,1,39,146,83,,28,—,1,0,6,0,112,150,0,16,1,1,280,225,21,3,10,0,20,1,0,0,0,—,—,158,34,5,2,0,50,18,5,6,—
2014,Georgia,Published,Martin & Jones,63,97,160,5,57,31,39,123,3,,45,—,11,0,5,23,51,12,1,0,0,0,0,57,5,3,3,0,15,0,2,1,0,—,—,47,4,2,0,23,10,1,0,0,—
2014,Guam,Published,PARENTS-AGENCIES NETWORKING INC. (PAN INC),12,21,33,8,0,36,8,9,11,,15,—,3,5,0,42,23,10,0,16,0,0,92,11,7,9,1,1,0,0,4,0,0,—,—,11,8,4,3,7,5,4,0,2,—
2014,Hawaii,Published,HAWAII DISABILITY RIGHTS CENTER,26,51,77,1,26,2,9,13,36,,13,—,2,3,0,0,15,36,0,0,0,0,51,33,11,0,0,0,3,0,1,3,0,—,—,12,8,4,1,14,8,0,3,1,—
2014,Iowa,Published,Iowa Client Assistance Program,3,12,15,0,8,1,5,10,1,,2,—,0,0,0,0,11,3,0,1,0,0,15,6,4,3,0,0,2,0,0,0,0,—,—,4,0,0,1,2,5,2,1,0,—
2014,Idaho,Published,"Disability Rights Idaho, Inc.",6,25,31,1,6,1,6,10,12,,2,—,0,1,0,3,17,2,0,4,0,0,26,7,4,0,3,0,6,2,0,4,0,—,—,11,0,1,1,0,3,0,2,0,—
2014,Illinois,Published,Illinois Department of Human Services,25,111,136,0,14,4,57,73,13,,19,—,3,2,0,0,87,30,0,2,2,0,0,55,11,11,19,1,13,1,1,8,0,—,—,77,0,1,1,17,16,8,1,0,—
2014,Kansas,Published,The Disability Rights Center of Kansas,14,74,88,4,15,13,13,45,3,,9,—,3,1,2,26,27,7,14,1,0,2,77,30,19,3,4,0,9,1,1,7,3,—,—,25,0,2,0,7,17,1,5,1,—
2014,Kentucky,Published,Kentucky Client Assistance Program,20,32,52,0,20,1,24,43,5,,6,—,0,0,0,2,25,4,0,1,0,0,0,14,2,9,1,0,2,0,0,4,0,—,—,15,1,1,0,13,1,1,0,0,—
2014,Louisiana,Published,Advocacy Center,24,65,89,4,35,4,18,55,8,,0,—,3,1,0,1,36,13,0,8,1,0,59,36,10,4,1,0,8,0,0,0,0,—,—,11,4,4,0,9,5,2,6,18,—
2014,Maryland,Published,Maryland Division of Rehabilitation Services -DORS,18,69,87,6,15,1,2,13,10,,46,—,0,0,0,2,17,38,2,18,0,1,78,49,12,10,0,0,4,0,0,3,0,—,—,16,3,2,2,23,20,12,0,0,—
2014,Maine,Published,Bureau of Rehabilitation Services,38,72,110,2,40,110,87,79,9,,18,—,0,0,1,4,31,35,0,0,0,0,0,45,3,14,0,0,7,0,0,1,0,—,—,28,4,3,2,11,8,10,0,0,—
2014,Michigan,Published,Michigan Protection and Advocacy Service Inc.,25,62,87,6,32,0,33,39,17,,6,—,0,0,0,4,28,27,2,2,0,0,63,23,10,14,3,0,13,0,0,0,0,—,—,26,3,0,4,12,15,1,2,0,—
2014,Minnesota,Published,Mid-Minnesota Legal Assistance,33,44,77,0,34,3,11,26,6,,14,—,6,9,2,6,27,10,0,0,0,0,0,10,21,3,5,0,0,1,2,1,0,—,—,11,1,1,0,5,12,1,7,1,—
2014,Missouri,Published,Missouri Protection & Advocacy Services,21,33,54,6,26,0,21,40,10,,17,—,1,0,0,0,8,23,0,1,2,1,0,10,13,6,0,0,0,3,2,1,0,—,—,14,1,0,2,6,8,0,4,0,—
2014,Mississippi,Published,Mississippi Society for Disabilities,0,29,29,1,0,10,1,16,2,,0,—,0,0,0,10,16,0,0,0,0,0,26,3,7,14,0,0,3,0,0,2,0,—,—,24,2,3,0,0,0,0,0,0,—
2014,Montana,Published,Disability Rights Montana,31,80,111,7,34,0,36,37,17,,19,—,5,0,1,0,58,26,0,1,0,0,85,50,4,8,1,0,21,0,0,1,0,—,—,7,1,6,0,26,9,3,4,4,—
2014,North Carolina,Published,Division of Vocational Rehabilitation Services,27,90,117,0,26,0,14,77,8,,16,—,1,0,1,2,20,68,0,1,0,0,91,68,6,11,0,0,6,0,0,0,0,—,—,13,1,3,0,54,11,6,3,0,—
2014,North Dakota,Published,Division of Vocational Rehabilitation,22,19,41,3,27,0,11,15,9,,9,—,0,0,0,0,2,15,0,0,0,0,0,12,1,1,0,0,3,0,0,0,0,—,—,0,1,0,1,2,8,1,4,0,—
2014,Nebraska,Published,Nebraska Vocational Rehabilitation,6,18,24,0,2,1,0,17,6,,0,—,0,0,0,0,14,8,0,0,0,0,0,13,2,5,0,0,2,0,0,0,0,—,—,9,3,0,0,6,2,0,1,0,—
2014,New Hampshire,Published,GOVERNOR`S COMMISSION ON DISABILITY,16,12,28,2,8,8,9,8,0,,2,—,0,0,1,0,19,9,0,0,0,0,0,11,3,0,1,0,6,0,1,1,0,—,—,9,0,0,0,0,11,1,6,0,—
2014,Oklahoma,Published,Oklahoma Office of Disability Concerns,11,43,54,0,5,22,41,57,2,,34,—,4,4,2,4,12,33,4,1,0,0,54,26,15,8,0,1,4,0,0,0,0,—,—,12,0,1,1,15,20,2,2,0,—
2014,Oregon,Published,Disability Rights Oregon formerly OAC,11,27,38,1,8,1,14,16,2,,5,—,1,0,0,3,9,4,7,5,2,0,0,16,3,0,8,0,0,2,0,1,1,—,—,5,0,0,0,5,11,1,3,2,—
2014,Pennsylvania,Published,Center for Disability Law & Policy,72,125,197,1,66,0,88,50,22,,25,—,12,0,0,1,31,87,3,7,1,0,0,75,23,0,0,0,21,0,11,0,0,—,—,38,3,5,4,34,42,2,2,0,—
2014,Puerto Rico,Published,OFFICE OF THE OMBUDSMAN FOR PERSONS WITH DISABILIT,89,152,241,16,107,1,14,124,39,,38,—,12,6,9,3,8,81,38,0,6,0,0,89,2,23,12,0,2,0,1,7,0,—,—,19,9,20,8,37,1,10,28,4,—
2014,South Carolina,Published,Governor`s Office Client Assistance Program,6,118,124,13,10,124,116,114,20,,11,—,2,0,0,0,93,5,0,26,0,0,0,35,46,6,0,0,30,0,5,2,0,—,—,63,2,5,3,6,41,4,0,0,—
2014,South Dakota,Published,South Dakota Advocacy Services,3,17,20,0,0,5,4,8,1,,0,—,2,0,0,2,3,11,0,2,1,0,19,11,2,3,1,0,1,0,0,1,0,—,—,4,5,0,0,1,2,0,4,0,—
2014,Tennessee,Published,Disability Law & Advocacy Center of Tennessee,8,25,33,1,4,0,7,14,4,,8,—,0,0,0,0,15,14,0,1,0,0,30,12,4,3,1,0,4,0,2,3,0,—,—,10,0,1,0,12,3,0,1,0,—
2014,Texas,Published,Disability Rights Texas,121,161,282,282,0,5,61,141,54,,29,—,0,0,0,10,97,64,7,10,1,0,0,98,18,5,7,0,28,0,21,9,1,—,—,53,15,4,0,71,17,20,7,0,—
2014,Utah,Published,Disability Law Center,9,171,180,180,13,12,29,86,48,,10,—,2,0,0,29,15,19,3,7,0,0,73,90,21,8,9,1,18,0,0,10,0,—,—,61,1,7,1,8,18,5,4,1,—
2014,Virgin Islands,Published,Disability Rights Center of the Virgin Islands,7,12,19,0,11,2,1,1,4,,2,—,0,1,8,2,4,1,1,0,0,0,8,2,4,0,2,0,0,0,0,0,0,—,—,4,0,0,0,0,1,0,2,1,—
2014,Vermont,Published,Vermont Client Assistance Program,27,24,51,10,24,7,20,41,0,,2,—,2,1,0,4,1,57,0,0,0,0,0,19,5,0,0,0,6,0,0,1,0,—,—,0,0,0,0,0,6,3,1,0,—
2014,Washington,Published,Client Assistance Program,41,190,231,0,36,73,114,115,27,,49,—,3,0,0,0,47,121,0,63,0,0,0,111,79,12,5,4,14,0,1,5,0,—,—,68,17,25,23,46,36,16,0,0,—
2014,Wisconsin,Published,Wisconsin Client Assistance Program,28,160,188,9,38,19,46,94,22,,13,—,2,1,0,7,60,37,3,52,0,0,0,65,36,27,10,2,14,5,0,0,0,—,—,68,5,3,8,23,22,68,3,0,—
2014,West Virginia,Published,West Virginia Advocates,5,18,23,1,3,0,2,11,3,,6,—,2,0,0,0,15,5,0,1,0,0,21,6,4,8,0,0,0,0,0,1,0,—,—,10,2,0,0,4,2,1,1,0,—
2014,Wyoming,Published,"Protection & Advocacy System, Inc.",0,10,10,0,4,0,0,5,2,,1,—,1,0,1,0,1,4,0,1,0,0,6,4,0,2,0,0,0,0,0,0,0,—,—,0,1,1,0,3,0,1,0,0,—
2014,Alaska,Published,Alaska State Department of Education,8,16,24,0,8,6,9,6,2,,1,—,0,0,0,0,12,3,0,1,0,0,16,2,4,3,3,0,2,0,1,1,0,—,—,8,0,0,0,0,5,2,0,0,—
2014,Indiana,Published,Indiana Protection and Advocacy Services,13,22,35,2,4,0,0,29,6,,1,—,0,0,0,4,18,7,2,0,1,1,33,12,4,1,3,1,3,0,2,6,0,—,—,15,1,2,1,8,2,2,1,0,—
2014,New Jersey,Published,Disability Rights New Jersey,41,52,93,2,56,2,7,32,12,,39,—,1,0,0,4,20,7,2,6,0,0,0,13,5,3,2,0,11,0,0,4,0,—,—,15,0,1,2,12,1,1,4,0,—
2014,New Mexico,Published,Disability Rights New Mexico,7,20,27,0,7,0,14,13,0,,0,—,0,0,0,2,0,11,0,6,0,1,20,13,2,1,0,0,2,1,0,1,0,—,—,1,0,0,0,10,2,0,5,0,—
2014,Nevada,Published,Nevada Disability Advocacy & Law Center,5,33,38,0,16,5,6,9,5,,11,—,2,0,0,1,10,3,6,2,0,0,22,3,4,0,2,0,0,0,0,2,0,—,—,4,0,0,2,5,5,0,3,1,—
2014,Rhode Island,Published,RHODE ISLAND DISABILITY LAW CENTER INC.,28,16,44,2,36,3,9,18,4,,6,—,0,1,4,1,4,3,0,2,0,0,0,2,4,0,0,0,3,0,1,0,0,—,—,3,0,0,0,2,2,1,1,0,—
2014,Virginia,Published,disAbility Law Center of Virginia,6,57,63,4,9,5,8,38,7,,1,—,2,0,6,19,18,18,0,3,0,0,58,27,22,2,1,1,4,0,1,0,0,—,—,23,3,0,0,2,9,6,6,0,—
2014,District of Columbia,Published,"University Legal Services, Inc.",2,43,45,1,13,0,20,27,6,,10,—,0,1,1,2,24,4,0,1,1,0,32,15,6,1,3,0,5,0,0,2,0,—,—,18,0,2,0,5,5,2,0,0,—
2014,Ohio,Published,Disability Rights Ohio,28,121,149,8,8,7,15,82,15,,7,—,7,6,13,35,56,18,10,22,3,3,147,52,20,11,10,3,37,3,0,6,5,—,—,70,1,1,1,12,21,15,24,2,—
2014,New York,Published,Disability Rights New York (DRNY),132,218,350,10,193,15,87,180,52,,18,—,4,0,1,24,69,70,1,2,0,0,—,73,15,13,3,3,37,0,6,15,1,—,—,47,11,3,1,31,28,10,31,0,—
2015,Northern Marianas,Published,NMPASI,8,9,17,0,6,0,1,3,7,0,5,0,0,1,0,0,0,0,0,0,0,0,0,4,1,1,0,0,2,0,1,2,0,0,—,2,2,1,0,6,0,0,0,0,—
2015,Massachusetts,Published,Massachusetts Office on Disability,30,100,130,1,18,4,47,66,12,2,55,4,2,7,3,12,68,29,0,3,1,0,113,46,13,25,7,1,11,1,0,9,0,0,—,55,2,0,5,14,22,9,6,0,—
2015,Alabama,Published,Alabama Department of Rehabilitation Services,4,24,28,0,3,0,8,17,2,0,0,0,0,0,1,3,4,13,1,0,0,0,21,10,4,2,1,0,3,0,0,2,0,0,—,2,0,1,1,1,5,1,2,0,—
2015,Arkansas,Published,Disability Rights Center of Arkansas,10,21,31,1,4,0,7,16,1,0,6,0,0,2,0,14,0,11,0,3,0,0,28,10,4,2,2,0,5,0,0,5,0,0,—,7,2,1,0,7,5,0,1,0,—
2015,American Samoa,Published,Office of Protection and Advocacy for the Disabled,0,8,8,16,1,8,4,8,2,0,1,2,0,4,0,6,0,2,0,0,0,0,8,6,0,2,0,0,0,0,0,0,0,0,—,0,6,1,0,2,2,0,0,0,—
2015,Arizona,Published,Arizona Center for Disability Law,50,74,124,7,39,0,26,85,11,3,5,0,1,0,0,47,2,38,1,0,4,0,92,56,19,0,5,0,7,0,1,2,2,0,—,48,0,1,4,18,17,2,2,0,—
2015,Colorado,Published,Center for Legal Advocacy,18,6,24,1,6,2,5,13,1,0,4,0,0,0,0,0,4,12,0,2,1,0,19,8,2,0,4,0,3,1,0,1,0,0,—,5,1,0,0,6,1,3,2,0,—
2015,Connecticut,Published,Protection and Advocacy for Persons with Disabilit,11,15,26,1,14,0,2,18,3,0,1,0,0,0,3,2,0,9,0,2,0,0,13,8,1,0,0,0,4,0,0,0,0,0,—,1,0,0,0,1,5,2,3,1,—
2015,Delaware,Published,"United Cerebral Palsy of Delaware, Inc.",7,11,18,2,4,2,6,4,3,0,6,0,0,4,0,5,7,5,0,0,0,0,17,8,3,0,0,0,1,0,0,2,0,0,—,2,0,3,1,2,4,0,2,0,—
2015,Florida,Published,Disability Rights Florida,35,138,173,15,20,0,0,1,0,22,159,6,0,0,0,72,5,79,0,3,2,0,161,141,6,2,10,1,4,1,2,0,0,0,—,78,12,1,2,13,35,4,3,7,—
2015,Georgia,Published,Martin & Jones,57,61,118,3,54,118,118,21,1,0,64,19,0,0,0,0,36,21,0,2,0,1,60,24,6,2,1,0,14,0,1,0,0,0,—,21,0,0,0,15,3,1,9,0,—
2015,Guam,Published,PARENTS-AGENCIES NETWORKING INC. (PAN INC),23,31,54,15,54,29,8,8,11,0,14,5,0,45,7,18,15,6,4,9,1,1,54,8,11,5,14,1,2,1,9,1,0,1,—,16,10,9,5,7,3,2,0,1,—
2015,Hawaii,Published,HAWAII DISABILITY RIGHTS CENTER,28,50,78,0,25,3,17,14,40,0,3,0,0,1,0,22,7,23,0,1,0,0,53,26,17,2,0,2,1,0,0,5,0,0,—,15,8,5,1,7,9,7,1,0,—
2015,Iowa,Published,Iowa Client Assistance Program,8,27,35,0,10,7,7,16,5,0,1,3,1,0,2,9,3,13,0,2,0,0,27,13,4,5,2,0,2,0,1,0,0,0,—,8,0,1,0,7,6,1,3,2,—
2015,Idaho,Published,"Disability Rights Idaho, Inc.",6,22,28,1,8,0,6,11,9,0,4,0,0,0,0,11,0,2,1,8,0,0,22,14,2,0,3,0,2,0,0,1,0,0,—,5,1,1,3,2,5,2,1,1,—
2015,Illinois,Published,Illinois Department of Human Services,14,125,139,0,6,14,71,61,10,0,10,0,2,1,0,14,0,10,1,4,0,4,33,38,14,8,18,2,23,0,0,20,4,0,—,110,2,0,0,2,12,0,1,0,—
2015,Kansas,Published,The Disability Rights Center of Kansas,15,63,78,2,17,1,18,40,8,0,10,0,2,0,0,12,0,4,26,4,0,1,47,17,19,9,4,0,10,1,0,3,0,0,—,25,0,0,1,7,15,3,7,0,—
2015,Kentucky,Published,Kentucky Client Assistance Program,11,28,39,0,11,0,21,30,5,0,3,0,1,0,0,3,16,9,0,0,0,0,28,14,1,3,1,0,2,0,0,7,0,0,—,12,3,0,0,12,0,0,1,0,—
2015,Louisiana,Published,Advocacy Center,30,70,100,5,37,4,27,49,7,1,9,0,3,0,0,36,1,10,3,18,0,0,68,39,13,0,5,0,5,0,0,6,0,0,—,14,3,1,0,5,12,1,6,26,—
2015,Maryland,Published,Maryland Division of Rehabilitation Services -DORS,15,98,113,0,25,1,36,41,16,5,13,1,0,0,0,20,2,58,1,8,0,0,89,58,10,12,0,0,4,2,1,2,0,0,—,18,3,4,5,20,17,17,2,3,—
2015,Maine,Published,Bureau of Rehabilitation Services,40,41,81,0,29,52,52,42,17,0,36,1,0,0,0,22,13,17,0,0,0,0,52,34,4,7,0,1,1,0,1,4,0,0,—,31,1,1,0,5,6,7,1,0,—
2015,Michigan,Published,Michigan Protection & Advocacy Service Inc.,25,97,122,10,51,2,52,50,21,0,4,0,3,0,0,8,36,35,1,0,0,0,80,43,3,17,0,0,4,4,0,9,0,0,—,27,2,3,2,14,19,9,2,0,—
2015,Minnesota,Published,Mid-Minnesota Legal Assistance,21,32,53,0,28,0,9,9,2,1,4,0,0,0,0,15,0,10,0,0,0,0,25,4,14,0,6,0,0,0,0,1,0,0,—,7,0,0,0,2,9,0,1,0,—
2015,Missouri,Published,Missouri Protection & Advocacy Services,26,31,57,6,22,6,31,50,11,0,18,0,1,0,0,12,0,24,1,0,3,1,41,21,16,1,0,0,0,2,1,0,0,0,—,10,3,0,1,4,18,2,2,1,—
2015,Mississippi,Published,Mississippi Society for Disabilities,2,21,23,0,2,23,17,9,3,0,4,3,6,11,1,4,2,23,5,0,0,0,34,8,15,0,0,0,0,0,0,0,0,0,—,0,15,2,5,1,0,6,0,0,—
2015,Montana,Published,Disability Rights Montana,34,46,80,6,17,0,27,22,13,0,16,0,7,0,0,30,0,19,1,15,2,1,68,39,2,3,1,0,20,0,0,2,0,1,—,2,5,2,0,19,11,0,3,2,—
2015,North Carolina,Published,Department of Health and Human Services,26,104,130,0,22,1,8,95,14,0,11,1,0,0,0,1,28,77,0,0,2,0,108,77,10,15,0,2,1,0,2,1,0,0,—,22,4,3,1,62,5,7,4,0,—
2015,North Dakota,Published,Division of Vocational Rehabilitation,26,23,49,1,30,0,10,24,12,0,3,1,0,0,0,13,0,7,0,0,0,0,20,15,3,0,1,0,0,0,0,1,0,0,—,2,0,1,1,7,6,0,3,0,—
2015,Nebraska,Published,Nebraska Vocational Rehabilitation,2,30,32,0,3,0,1,21,8,0,2,0,0,0,0,6,16,7,0,0,0,0,29,21,0,7,0,0,1,0,0,0,0,0,—,17,0,0,0,5,4,1,2,0,—
2015,New Hampshire,Published,GOVERNOR`S COMMISSION ON DISABILITY,5,8,13,13,5,11,11,11,0,0,5,3,0,1,1,3,5,3,0,1,1,0,13,4,2,2,0,0,1,0,1,1,0,0,—,3,0,0,0,3,4,1,2,0,—
2015,Oregon,Published,Disability Rights Oregon formerly OAC,10,44,54,2,17,1,6,16,7,0,24,0,1,0,1,6,15,9,3,5,1,0,39,15,6,4,12,0,1,1,0,0,0,0,—,19,0,2,0,7,6,0,0,1,—
2015,Pennsylvania,Published,Center for Disability Law & Policy,66,124,190,3,70,8,80,75,34,0,15,1,1,1,36,1,18,95,0,2,1,0,117,84,15,0,0,0,13,0,4,0,0,0,—,31,4,1,7,42,30,1,0,0,—
2015,Puerto Rico,Published,OFFICE OF THE OMBUDSMAN FOR PERSONS WITH DISABILIT,107,126,233,25,107,0,7,114,54,0,46,0,8,4,5,3,31,45,37,3,6,1,126,71,16,22,5,0,3,4,1,4,0,0,—,34,2,21,8,40,0,3,17,1,—
2015,South Carolina,Published,"Office of the Governor, Client Assistance Program",11,91,102,16,0,103,83,74,32,0,22,4,0,0,0,41,28,3,0,25,1,0,98,38,33,4,0,0,9,2,0,12,0,0,—,35,3,0,2,11,42,5,0,0,—
2015,South Dakota,Published,South Dakota Advocacy Services,1,13,14,0,7,14,1,4,4,0,1,0,4,0,0,4,2,0,0,1,0,0,7,2,1,2,0,0,1,0,0,1,0,0,—,1,0,0,0,1,3,0,0,0,—
2015,Tennessee,Published,Disability Rights Tennessee,4,85,89,1,24,1,21,51,7,0,7,1,1,0,0,27,6,27,4,1,1,0,66,39,5,4,2,0,12,0,0,3,0,0,—,17,0,2,0,29,7,3,2,0,—
2015,Texas,Published,Disability Rights Texas,104,169,273,24,105,8,64,131,59,0,20,4,0,0,0,39,38,96,3,3,1,0,180,98,8,11,3,2,28,0,12,18,0,0,—,59,5,3,0,61,14,28,11,0,—
2015,Utah,Published,Disability Law Center,32,126,158,9,21,5,18,95,30,3,14,1,2,0,0,123,5,12,1,2,2,0,145,62,44,3,4,1,25,0,1,7,0,0,—,41,3,8,0,7,21,2,37,9,—
2015,Virgin Islands,Published,Disability Rights Center of the Virgin Islands,10,17,27,0,17,1,1,0,6,0,22,0,0,0,0,7,2,1,0,0,0,0,10,3,3,0,0,1,1,2,0,0,0,0,—,1,1,0,0,1,1,0,5,1,—
2015,Vermont,Published,Vermont Client Assistance Program,24,23,47,2,13,6,13,32,4,0,4,0,1,1,0,2,0,34,0,0,0,0,36,12,2,4,3,0,6,0,0,0,0,0,—,3,0,0,0,1,1,0,2,0,—
2015,Washington,Published,Client Assistance Program,41,130,171,0,48,61,81,99,38,0,76,0,0,3,2,9,39,108,0,15,0,0,171,87,39,21,3,0,4,5,0,12,0,0,—,43,15,22,6,35,35,11,4,0,—
2015,Wisconsin,Published,Wisconsin Client Assistance Program,38,169,207,9,46,21,53,114,7,1,18,2,3,0,0,7,5,35,4,53,1,0,105,57,39,24,25,2,13,8,0,1,0,0,—,91,0,1,1,24,24,91,4,0,—
2015,West Virginia,Published,West Virginia Advocates,3,15,18,0,5,0,3,10,2,0,3,0,0,0,0,11,0,1,0,1,0,0,13,5,1,5,0,0,0,0,0,1,0,0,—,7,0,1,1,2,0,0,0,0,—
2015,Wyoming,Published,"Protection & Advocacy System, Inc.",4,8,12,0,3,0,1,2,3,0,3,0,2,0,1,0,2,7,0,0,0,0,9,3,2,3,0,0,0,0,1,0,0,0,—,0,0,2,0,3,2,0,1,1,—
2015,Alaska,Published,Alaska State Department of Education and Early Dev,7,5,12,0,3,0,5,4,2,0,1,0,0,0,0,9,0,0,0,0,0,0,9,3,0,0,1,0,0,0,0,5,0,0,—,0,0,0,0,1,2,1,0,5,—
2015,California,Published,Disability Rights California,152,633,785,93,156,153,101,357,133,0,135,0,16,5,6,650,0,61,10,18,7,3,749,335,324,15,5,3,39,1,7,19,1,0,—,519,26,6,11,63,78,18,28,0,—
2015,Indiana,Published,Indiana Protection and Advocacy Services,4,19,23,1,8,0,12,0,6,0,5,0,1,0,0,8,1,3,1,0,2,6,21,8,2,1,1,0,0,0,2,1,0,0,—,2,3,0,0,3,5,1,0,1,—
2015,New Jersey,Published,Disability Rights New Jersey,56,51,107,3,48,0,5,43,18,0,44,0,0,0,0,12,24,4,12,10,0,0,62,28,1,5,4,0,14,0,1,9,0,0,—,18,2,2,1,23,4,1,5,0,—
2015,New Mexico,Published,Disability Rights New Mexico,10,17,27,0,6,1,9,13,0,0,7,0,1,1,0,3,0,13,2,6,3,1,28,12,5,1,0,1,3,1,0,0,0,0,—,3,4,0,0,4,5,4,0,0,—
2015,Nevada,Published,Nevada Disability Advocacy & Law Center,18,28,46,2,10,5,12,11,4,0,16,0,0,0,0,21,0,7,7,2,1,0,38,13,8,1,5,0,6,1,0,4,0,0,—,40,2,1,0,10,5,2,8,1,—
2015,Rhode Island,Published,RHODE ISLAND DISABILITY LAW CENTER INC.,35,19,54,1,38,5,9,22,7,0,8,0,0,0,4,10,2,3,1,0,0,0,16,5,4,2,1,0,3,0,0,1,0,0,—,7,0,0,0,1,3,0,2,1,—
2015,District of Columbia,Published,"University Legal Services, Inc.",13,27,40,2,17,6,15,34,1,0,33,0,3,0,0,5,2,12,0,4,3,0,26,13,4,3,0,0,1,0,0,4,1,0,—,3,1,0,0,13,6,2,0,1,—
2015,Ohio,Published,Disability Rights Ohio,8,126,134,13,27,8,17,78,5,1,13,1,6,8,10,71,21,6,1,9,1,1,110,60,7,5,14,1,23,1,2,7,0,0,—,59,3,1,1,14,14,6,19,2,—
2015,Virginia,Published,disAbility Law Center of Virginia,9,83,92,6,20,0,6,45,9,2,9,0,1,0,26,49,3,24,0,2,0,0,78,24,38,3,3,0,5,0,2,3,0,0,—,15,3,1,3,4,17,3,29,1,—
2015,Oklahoma,Published,Oklahoma Office of Disability Concerns,11,47,58,0,4,7,29,32,2,1,21,0,2,0,0,15,13,15,9,6,0,0,58,31,10,7,1,1,8,0,0,0,0,0,—,11,2,1,0,24,14,2,3,0,—
2015,New York,Published,Disability Rights New York (DRNY),185,200,385,23,157,15,100,196,54,0,36,1,4,1,2,82,29,117,6,15,3,0,252,117,37,12,6,4,40,1,20,15,0,0,—,71,16,4,9,59,40,24,23,1,—
2015,New Mexico,Published,Native American Disability Law Center,0,6,6,0,6,1,1,3,1,0,0,0,0,0,0,0,0,0,0,0,0,0,0,0,0,0,0,0,0,0,0,0,0,0,—,0,0,0,0,0,0,0,0,0,—
2015,South Carolina,Published,Department of Admin. Client Assistance Program,0,32,32,1,8,32,30,28,4,0,11,0,0,0,0,15,13,6,0,14,0,0,48,23,15,0,0,0,4,2,0,4,0,0,—,15,3,0,2,6,15,7,0,0,—
2016,Northern Marianas,Published,NMPASI,5,11,16,0,8,15,0,1,4,0,10,0,0,0,0,8,8,8,0,0,0,0,24,1,4,2,0,0,0,0,0,1,0,0,—,2,1,0,0,4,1,0,0,0,—
2016,Massachusetts,Published,Massachusetts Office on Disability,18,76,94,0,23,1,40,48,13,2,40,2,0,3,0,24,34,11,0,2,0,0,71,19,1,40,1,1,4,1,1,3,0,0,—,41,4,1,3,5,11,0,6,0,—
2016,Alabama,Published,Alabama Department of Rehabilitation Services,4,43,47,0,13,3,22,23,0,0,0,1,2,0,0,19,16,12,0,0,0,0,47,24,7,4,2,0,3,0,0,7,0,0,—,10,2,2,3,4,13,11,2,0,—
2016,Arkansas,Published,"Disability Rights Arkansas, Inc.",4,18,22,3,4,1,13,5,3,0,2,0,0,1,1,6,0,0,14,2,0,0,22,11,4,0,1,0,5,0,0,1,0,0,—,2,1,0,2,4,8,0,1,0,—
2016,American Samoa,Published,Office of Protection and Advocacy for the Disabled,3,18,21,4,0,40,12,10,4,0,2,6,4,0,0,18,0,4,0,0,0,0,22,16,2,1,0,0,1,0,1,0,0,0,—,0,4,0,0,2,6,0,0,0,—
2016,Arizona,Published,Arizona Center for Disability Law,38,84,122,2,56,0,25,65,14,8,10,2,0,0,0,33,1,32,1,1,0,0,68,37,18,1,1,0,4,0,0,4,3,0,—,31,0,2,1,15,12,4,2,0,—
2016,Colorado,Published,Center for Legal Advocacy,6,16,22,0,9,0,4,12,1,0,2,2,1,0,0,1,2,7,0,3,0,0,13,6,1,0,2,0,3,1,0,0,0,0,—,6,0,0,0,2,4,1,0,0,—
2016,Connecticut,Published,Protection and Advocacy for Persons with Disabilit,14,22,36,2,26,3,2,24,6,0,1,0,0,0,2,5,0,5,0,2,0,0,12,11,0,0,0,0,0,0,0,1,0,0,—,1,0,0,1,0,3,2,3,2,—
2016,Delaware,Published,"United Cerebral Palsy of Delaware, Inc.",5,9,14,2,3,1,5,5,1,0,5,0,1,2,1,5,4,4,0,0,0,0,13,4,1,2,0,0,2,0,2,2,0,0,—,2,0,0,0,3,4,1,3,0,—
2016,Florida,Published,Disability Rights Florida,20,153,173,7,33,3,0,0,0,7,153,11,0,0,0,67,11,65,0,5,1,0,149,45,75,2,10,0,9,8,0,0,0,0,—,63,14,5,0,27,22,12,6,0,—
2016,Georgia,Published,Martin & Jones,54,96,150,5,56,72,25,75,2,0,24,0,43,0,1,30,8,4,0,0,0,0,42,37,0,3,0,0,2,0,0,0,0,0,—,29,2,0,0,4,4,1,2,0,—
2016,Guam,Published,PARENTS-AGENCIES NETWORKING INC. (PAN INC),29,34,63,26,63,138,14,12,26,0,21,7,4,32,3,15,9,6,3,7,4,0,44,7,9,4,10,2,2,3,4,6,0,2,—,18,15,8,3,9,5,0,1,1,—
2016,Hawaii,Published,HAWAII DISABILITY RIGHTS CENTER,28,29,57,1,15,3,7,15,28,0,10,1,1,0,0,19,7,14,0,1,0,0,41,23,7,1,0,0,2,2,0,6,0,0,—,7,6,3,1,8,10,2,4,0,—
2016,Iowa,Published,Iowa Client Assistance Program,10,19,29,0,6,8,6,11,4,0,2,0,0,0,2,2,6,15,0,0,0,0,23,14,2,3,2,0,1,0,0,1,0,0,—,2,1,1,0,12,4,2,1,0,—
2016,Idaho,Published,"Disability Rights Idaho, Inc.",4,29,33,4,4,2,9,13,5,0,6,0,1,0,1,26,0,1,4,1,0,0,32,23,3,1,1,0,2,2,0,0,0,0,—,5,0,2,0,0,6,5,7,4,—
2016,Illinois,Published,Illinois Department of Human Services,6,58,64,0,2,11,26,35,8,9,0,1,0,0,0,11,8,17,7,12,3,4,62,20,4,11,6,4,7,0,1,2,0,0,—,51,1,0,0,0,4,1,2,3,—
2016,Kansas,Published,The Disability Rights Center of Kansas,19,48,67,3,21,5,23,30,2,0,10,0,1,0,0,32,0,4,14,0,0,0,50,14,15,0,5,0,9,0,0,7,0,0,—,3,3,0,1,4,17,1,13,0,—
2016,Kentucky,Published,Kentucky Client Assistance Program,8,19,27,0,8,0,13,21,2,7,5,0,0,0,0,2,7,9,0,0,1,0,19,9,1,5,0,0,2,1,0,1,0,0,—,1,0,0,0,12,0,1,5,0,—
2016,Louisiana,Published,Advocacy Center,36,56,92,95,44,3,28,42,9,2,4,0,4,0,0,3,3,23,2,18,2,0,51,27,6,0,3,6,4,1,4,0,0,0,—,12,0,2,1,7,8,1,6,14,—
2016,Maryland,Published,Maryland Division of Rehabilitation Services -DORS,25,87,112,0,18,0,34,38,25,3,12,0,0,0,0,7,0,79,0,7,1,0,94,67,3,9,0,0,2,2,0,4,0,0,—,20,2,7,3,0,31,10,0,0,—
2016,Maine,Published,Bureau of Rehabilitation Services,32,67,99,3,26,101,87,62,12,4,54,2,0,0,0,23,15,35,0,0,0,0,73,55,4,11,0,1,0,0,0,2,0,0,—,19,4,5,1,28,11,5,0,0,—
2016,Michigan,Published,Michigan Protection & Advocacy Service Inc.,37,78,115,0,39,0,44,46,13,0,10,0,7,0,1,3,26,49,1,2,1,0,82,42,1,14,3,0,14,1,1,6,0,0,—,32,1,8,3,16,14,5,3,0,—
2016,Minnesota,Published,Mid-Minnesota Legal Assistance,26,26,52,15,23,5,8,22,1,2,5,0,4,1,0,12,0,16,0,0,0,0,28,9,12,3,1,0,1,0,2,0,0,0,—,5,0,0,0,3,14,2,1,0,—
2016,Missouri,Published,Missouri Protection & Advocacy Services,22,32,54,0,20,5,25,44,11,0,24,0,1,0,0,2,0,29,0,1,1,1,34,18,13,2,0,0,0,1,0,0,0,0,—,9,3,0,1,9,11,0,1,0,—
2016,Mississippi,Published,Mississippi Society for Disabilities,0,29,29,0,2,29,11,15,2,0,0,2,0,9,0,3,0,29,0,0,0,0,32,11,18,0,0,0,0,0,0,0,0,0,—,0,18,2,0,0,2,6,0,0,—
2016,Montana,Published,Disability Rights Montana,18,50,68,3,31,3,24,30,4,0,6,0,4,0,0,23,0,9,2,5,0,0,39,18,1,2,3,0,0,1,0,14,0,0,—,0,0,1,0,0,9,4,3,22,—
2016,North Carolina,Published,Department of Health and Human Services,22,69,91,0,21,0,11,59,8,0,13,0,0,0,0,14,12,43,0,0,1,0,70,52,9,3,0,1,1,2,0,2,0,0,—,12,4,1,0,43,7,3,0,0,—
2016,North Dakota,Published,Division of Vocational Rehabilitation,21,15,36,2,24,0,9,15,8,0,5,1,0,0,0,8,0,6,0,0,0,0,14,7,4,0,0,0,2,0,1,0,0,0,—,1,0,2,0,4,3,1,2,1,—
2016,Nebraska,Published,Nebraska VR (Vocational Rehabilitation),3,24,27,1,1,1,2,15,8,0,5,0,0,0,0,5,14,8,0,0,0,0,27,19,0,8,0,0,0,0,0,0,0,0,—,11,4,0,0,5,6,1,0,0,—
2016,New Hampshire,Published,GOVERNOR`S COMMISSION ON DISABILITY,5,15,20,14,3,18,15,17,0,0,15,0,0,1,3,3,15,2,0,0,0,0,20,1,2,9,0,0,4,2,1,1,0,0,—,12,0,0,0,2,3,1,2,0,—
2016,Oregon,Published,Disability Rights Oregon formerly OAC,18,42,60,3,26,2,19,14,6,3,17,0,2,0,0,15,11,8,2,0,1,0,37,15,9,2,8,0,1,2,0,0,0,0,—,12,1,0,0,8,10,3,1,0,—
2016,Pennsylvania,Published,Center for Disability Law & Policy,70,125,195,1,75,16,98,83,32,0,15,0,0,0,0,7,33,75,3,1,1,0,120,86,13,0,0,3,11,0,5,2,0,0,—,42,3,3,8,36,24,3,1,0,—
2016,Puerto Rico,Published,EXECUTIVE OFFICE OF THE COMMONWEALTH OF PUERTORICO,114,91,205,16,89,1,4,111,26,0,58,1,4,0,4,10,36,57,6,4,3,0,116,74,2,8,5,0,14,1,0,12,0,0,—,39,9,16,2,37,4,7,1,1,—
2016,South Carolina,Published,Department of Admin. Client Assistance Program,8,112,120,15,12,120,101,84,32,0,19,4,0,1,0,36,49,14,0,24,1,0,124,52,26,3,0,0,4,6,7,26,0,0,—,56,10,3,4,20,22,9,0,0,—
2016,South Dakota,Published,South Dakota Advocacy Services,7,13,20,1,4,2,0,7,7,0,0,2,0,0,0,6,0,3,1,7,0,0,17,7,1,0,6,0,0,0,0,2,0,0,—,4,0,0,0,0,2,0,1,0,—
2016,Tennessee,Published,Disability Rights Tennessee,24,47,71,4,21,0,22,40,5,1,5,2,0,0,0,18,10,21,2,1,2,0,54,31,1,3,5,0,9,2,0,3,0,0,—,19,0,3,1,19,2,1,3,0,—
2016,Texas,Published,Disability Rights Texas,101,174,275,11,111,10,48,128,54,0,39,4,1,0,1,49,29,90,2,0,4,0,174,78,13,4,2,1,45,0,14,11,5,1,—,69,16,4,0,51,19,9,5,1,—
2016,Utah,Published,Disability Law Center,20,83,103,3,15,1,4,56,34,5,4,1,1,0,0,80,0,2,1,8,0,0,91,61,15,1,1,0,12,0,0,1,0,0,—,21,12,7,1,7,13,1,16,6,—
2016,Virgin Islands,Published,Disability Rights Center of the Virgin Islands,15,4,19,19,11,1,2,1,5,0,0,0,1,0,9,4,0,1,0,3,0,0,8,1,3,0,1,0,0,0,0,2,1,0,—,2,0,0,0,0,0,0,2,4,—
2016,Vermont,Published,Vermont Client Assistance Program,13,30,43,3,13,4,10,29,4,0,3,0,3,3,0,8,1,16,14,0,0,0,39,5,2,2,6,1,5,0,1,7,0,0,—,9,0,0,0,0,1,0,3,0,—
2016,Washington,Published,Client Assistance Program,48,160,208,0,16,31,58,74,29,0,131,2,6,70,13,35,41,111,10,11,0,0,208,50,91,37,5,5,5,5,0,10,0,0,—,65,6,18,6,66,28,18,1,0,—
2016,Wisconsin,Published,Wisconsin Client Assistance Program,47,124,171,2,42,45,38,95,9,1,34,1,0,1,1,7,49,24,8,40,4,0,132,45,31,24,13,1,10,6,0,2,0,0,—,57,0,1,7,49,4,8,6,0,—
2016,West Virginia,Published,West Virginia Advocates,5,16,21,1,10,0,3,8,5,0,4,0,1,0,1,10,0,1,1,0,0,0,12,4,4,2,0,0,2,0,0,0,0,0,—,5,0,0,0,1,2,0,3,1,—
2016,Wyoming,Published,"Protection & Advocacy System, Inc.",3,15,18,1,12,0,1,10,0,0,5,1,0,0,0,0,0,7,0,0,0,0,7,0,0,0,0,0,0,0,0,0,0,0,—,0,0,0,0,6,1,0,0,0,—
2016,Alaska,Published,Alaska State Department of Education and Early Dev,2,3,5,1,3,0,4,3,0,0,0,0,0,0,0,4,0,0,0,0,0,0,4,1,0,1,2,0,0,0,0,0,0,0,—,2,0,0,0,0,0,1,0,1,—
2016,California,Published,Disability Rights California,156,563,719,27,113,110,105,360,103,0,156,1,14,1,4,619,0,55,9,16,7,0,706,245,379,5,5,1,38,6,3,15,9,0,—,522,17,5,9,52,63,14,23,1,—
2016,Indiana,Published,Indiana Protection and Advocacy Services,8,34,42,0,12,24,12,13,10,0,3,2,2,1,0,22,0,12,3,1,4,0,42,35,0,0,0,0,0,0,0,7,0,0,—,7,2,13,3,5,8,3,1,0,—
2016,New Jersey,Published,Disability Rights New Jersey,48,53,101,4,61,0,3,14,21,0,67,0,0,0,0,3,21,14,4,2,0,0,44,20,5,3,2,0,14,0,0,0,0,0,—,5,1,1,2,19,7,3,2,0,—
2016,New Mexico,Published,Disability Rights New Mexico,5,25,30,3,7,0,7,15,2,0,5,0,1,0,0,3,0,16,0,5,1,1,26,15,1,0,2,0,4,2,0,2,0,0,—,2,3,1,1,8,3,3,2,0,—
2016,Nevada,Published,Nevada Disability Advocacy & Law Center,10,22,32,0,5,5,4,12,5,0,6,0,0,0,0,13,0,4,4,3,0,2,26,12,4,0,4,0,2,0,0,4,0,0,—,2,0,0,2,4,4,3,1,1,—
2016,Rhode Island,Published,RHODE ISLAND DISABILITY LAW CENTER INC.,38,16,54,2,33,4,11,25,6,0,7,0,0,0,3,18,0,4,1,0,0,0,23,8,2,1,1,0,9,0,0,2,0,0,—,8,0,0,0,2,3,0,1,9,—
2016,District of Columbia,Published,"University Legal Services, Inc.",16,18,34,2,12,33,34,23,3,0,28,1,0,0,0,5,2,11,0,6,0,0,24,16,1,0,3,0,2,0,0,2,0,0,—,5,0,0,0,16,2,0,1,0,—
2016,Ohio,Published,Disability Rights Ohio,27,127,154,8,34,14,29,84,6,0,5,0,3,3,12,69,28,6,1,23,0,1,128,49,14,12,9,0,30,6,1,7,0,0,—,76,6,2,0,6,16,8,13,1,—
2016,Virginia,Published,disAbility Law Center of Virginia,20,78,98,10,10,5,11,54,16,0,4,0,1,0,18,48,0,37,0,14,0,0,99,49,31,1,2,1,12,0,0,3,0,0,—,14,4,2,1,10,35,4,22,7,—
2016,Oklahoma,Published,Oklahoma Office of Disability Concerns,4,64,68,0,7,127,38,39,6,0,31,0,0,40,0,30,0,31,2,5,0,0,68,32,12,16,1,2,5,0,0,0,0,0,—,19,0,2,1,26,9,6,4,1,—
2016,New York,Published,Disability Rights New York (DRNY),154,235,389,33,93,14,124,203,41,0,29,5,6,1,0,112,73,131,8,5,1,0,330,120,51,27,8,2,54,0,44,22,1,0,—,128,20,4,17,63,55,26,13,0,—
2016,New Mexico,Published,Native American Disability Law Center,4,2,6,0,4,6,3,3,2,0,0,0,0,0,0,2,0,4,0,0,0,0,6,1,0,2,0,0,1,0,0,1,0,0,—,6,0,0,3,4,0,2,0,0,—
2017,Northern Marianas,Published,NMPASI,8,6,14,0,6,0,0,0,2,0,12,0,0,0,0,0,2,3,3,0,0,0,8,3,4,0,0,0,0,0,0,1,0,0,0,1,0,0,3,0,0,0,4,0,0
2017,Massachusetts,Published,Massachusetts Office on Disability,23,67,90,2,23,2,40,43,6,0,37,6,0,6,3,27,29,9,0,4,0,0,69,32,3,16,0,3,2,0,0,13,0,0,0,33,2,0,1,14,17,0,2,0,0
2017,Alabama,Published,Alabama Department of Rehabilitation Services,13,31,44,0,15,2,24,25,1,0,0,0,5,0,0,10,10,13,10,0,0,0,43,18,13,4,1,1,3,2,1,1,0,0,0,5,2,2,4,1,14,8,6,0,0
2017,Arkansas,Published,"Disability Rights Arkansas, Inc.",4,32,36,3,10,5,12,15,2,0,4,0,0,1,0,13,1,7,1,3,0,4,29,20,1,2,1,0,3,0,0,1,1,0,0,2,1,1,—,11,5,1,6,0,2
2017,American Samoa,Published,Office of Protection and Advocacy for the Disabled,2,16,18,5,1,48,13,8,6,0,5,8,2,1,0,20,0,2,0,0,0,0,22,14,1,2,0,0,2,0,0,0,0,0,0,0,8,0,1,1,2,0,0,0,0
2017,Arizona,Published,Arizona Center for Disability Law,56,79,135,8,44,0,43,76,8,7,10,0,1,0,0,70,1,26,2,0,2,0,101,53,29,1,1,0,9,1,0,1,6,0,0,53,0,5,0,21,12,8,1,0,1
2017,Colorado,Published,Center for Legal Advocacy,9,20,29,0,7,3,5,16,0,0,3,0,2,0,0,12,4,6,0,0,0,0,22,5,0,1,0,0,5,1,0,4,0,0,0,11,0,0,0,4,3,0,0,0,4
2017,Connecticut,Published,Protection and Advocacy for Persons with Disabilit,26,19,45,0,5,1,4,28,9,0,1,0,0,0,2,7,0,28,1,4,0,0,40,24,6,0,1,0,2,0,0,6,0,1,—,0,2,1,4,3,10,9,7,3,—
2017,Delaware,Published,"United Cerebral Palsy of Delaware, Inc.",6,13,19,2,9,3,5,4,3,0,8,0,1,1,2,3,5,4,0,0,0,0,12,5,2,1,0,0,1,0,2,1,0,0,—,1,0,0,1,3,2,0,2,2,1
2017,Florida,Published,Disability Rights Florida,33,173,206,10,48,1,160,99,28,3,47,5,1,0,2,81,3,71,0,9,4,0,168,116,13,4,5,2,13,1,0,14,0,0,0,90,21,5,0,5,26,13,5,2,1
2017,Georgia,Published,Martin & Jones,54,33,87,2,60,15,15,68,3,0,26,0,0,0,2,12,2,14,0,0,0,0,28,23,2,0,1,0,2,0,0,0,0,0,0,14,0,0,0,8,3,2,1,0,0
2017,Guam,Published,EDMUND CRUZ,19,28,47,15,47,176,6,8,11,0,16,2,0,28,5,19,11,7,1,4,1,0,43,5,6,3,1,0,0,0,6,1,0,1,—,26,11,3,4,5,6,0,6,2,0
2017,Hawaii,Published,HAWAII DISABILITY RIGHTS CENTER,17,31,48,2,16,5,8,9,24,0,11,0,4,0,0,19,3,11,0,1,0,0,34,20,11,1,0,0,1,0,0,1,0,0,0,3,2,3,—,0,9,3,5,0,0
2017,Iowa,Published,Iowa Client Assistance Program,6,24,30,0,5,4,7,8,3,1,13,0,0,0,4,7,3,12,0,3,0,0,25,22,1,0,0,0,0,0,1,1,0,0,0,2,1,2,1,11,1,3,2,2,0
2017,Idaho,Published,"DisAbility Rights Idaho, Inc.",3,26,29,2,5,1,7,13,2,0,7,1,0,0,1,24,0,0,0,2,1,0,27,17,2,2,2,0,4,0,0,0,0,0,0,3,2,0,0,6,5,2,5,2,2
2017,Illinois,Published,Illinois Department of Human Services,2,66,68,0,4,4,43,28,7,1,5,0,5,1,3,30,10,17,5,2,0,0,64,24,9,10,6,1,5,0,0,9,0,0,0,55,1,0,0,1,2,1,3,1,0
2017,Kansas,Published,Disability Rights Center of Kansas,20,58,78,78,8,6,24,39,8,0,4,0,0,1,0,64,0,1,1,5,0,1,72,19,24,3,1,0,11,0,1,11,1,0,0,7,3,4,—,8,22,5,10,0,15
2017,Kentucky,Published,Kentucky Client Assistance Program,9,8,17,0,7,0,8,14,5,6,0,0,0,1,0,1,5,1,0,0,0,0,7,4,2,4,0,0,1,0,0,0,0,0,—,2,0,0,—,6,1,0,2,0,0
2017,Louisiana,Published,Advocacy Center,38,43,81,81,3,42,26,41,8,1,5,0,2,0,0,0,3,18,2,19,0,0,42,26,4,1,3,0,1,2,2,3,0,0,0,11,1,2,2,4,5,2,3,12,0
2017,Maryland,Published,Maryland Division of Rehabilitation Services -DORS,18,98,116,1,26,0,46,25,16,8,21,1,16,0,0,9,6,70,4,1,1,0,91,64,5,10,0,0,6,0,1,5,0,0,0,13,6,0,5,17,34,14,2,0,0
2017,Maine,Published,Bureau of Rehabilitation Services,32,77,109,4,38,109,78,59,10,1,48,1,2,0,0,25,18,26,2,0,0,0,71,47,4,11,0,0,1,0,0,8,0,0,0,26,3,3,0,23,5,9,2,0,0
2017,Michigan,Published,Michigan Protection & Advocacy Service Inc.,35,61,96,6,25,0,59,32,5,0,5,0,1,0,0,14,43,17,1,1,1,0,77,43,7,9,2,0,9,0,0,7,0,0,0,25,0,0,1,15,28,7,1,0,0
2017,Minnesota,Published,Mid-Minnesota Legal Assistance,21,33,54,17,29,4,7,22,4,2,6,0,8,1,0,8,0,14,0,1,0,0,23,12,7,0,1,0,1,1,0,1,0,0,0,5,1,2,1,3,7,1,1,2,0
2017,Missouri,Published,Missouri Protection & Advocacy Services,20,43,63,0,28,3,37,42,16,0,20,1,1,0,0,6,0,26,2,0,0,1,35,20,13,1,0,0,0,1,0,0,0,0,0,7,5,0,3,12,5,2,1,0,0
2017,Mississippi,Published,Mississippi Society for Disabilities,2,20,22,0,3,22,9,11,2,0,0,0,0,0,0,3,0,24,1,0,0,0,28,14,10,0,0,0,0,0,0,0,0,0,0,0,10,4,0,0,4,5,0,0,1
2017,Montana,Published,Disability Rights Montana,29,37,66,3,21,1,16,38,2,0,2,0,9,1,0,26,0,10,7,3,0,2,48,19,7,5,2,0,12,2,1,0,0,0,0,1,1,1,0,0,12,4,2,1,23
2017,North Carolina,Published,Department of Health and Human Services,21,80,101,0,23,0,10,38,4,0,9,17,0,0,0,12,31,35,0,0,0,0,78,55,10,8,0,0,2,2,0,1,0,0,0,12,0,4,1,44,6,6,5,0,0
2017,North Dakota,Published,Division of Vocational Rehabilitation,24,16,40,2,9,1,16,17,7,0,1,0,0,0,0,9,0,24,0,0,0,0,33,5,11,3,0,0,1,0,0,11,0,1,0,5,2,0,0,4,13,0,2,1,6
2017,Nebraska,Published,Nebraska VR (Vocational Rehabilitation),1,18,19,0,4,2,5,11,1,0,0,0,0,0,0,6,5,4,0,0,0,0,15,13,0,2,0,0,0,0,0,0,0,0,—,2,2,0,0,2,5,3,1,0,0
2017,New Hampshire,Published,GOVERNOR`S COMMISSION ON DISABILITY,3,21,24,24,0,8,9,15,2,0,11,1,0,0,2,14,10,3,0,0,0,27,54,5,2,3,0,0,5,4,2,2,0,0,2,8,1,0,0,0,5,1,2,0,6
2017,Oregon,Published,Disability Rights Oregon formerly OAC,24,28,52,0,19,2,15,19,2,1,10,1,0,0,2,1,7,21,0,1,3,0,33,18,4,2,2,0,2,1,1,3,0,0,0,6,1,1,1,9,2,6,1,0,6
2017,Pennsylvania,Published,Center for Disability Law & Policy,75,126,201,0,98,17,107,95,20,0,21,0,0,0,0,8,16,74,3,2,0,0,103,71,21,0,0,1,8,0,2,0,0,0,0,23,3,8,7,55,7,0,0,0,0
2017,Puerto Rico,Published,EXECUTIVE OFFICE OF THE COMMONWEALTH OF PUERTO RIC,89,35,124,7,71,0,7,58,15,0,37,2,7,0,3,11,19,12,3,7,4,0,56,36,0,6,1,0,6,3,0,4,0,0,0,12,3,1,2,32,0,0,4,1,1
2017,South Carolina,Published,Department of Admin. Client Assistance Program,12,45,57,3,0,57,50,30,5,0,22,0,0,0,1,10,36,7,0,7,0,0,60,26,15,6,0,0,0,0,3,10,0,0,0,33,2,0,6,6,11,2,0,0,0
2017,South Dakota,Published,Disability Rights South Dakota,4,13,17,1,3,0,6,7,2,0,0,1,1,1,0,9,1,1,0,4,0,0,15,7,1,1,1,0,2,0,0,1,0,0,2,0,0,0,0,2,2,0,2,0,—
2017,Tennessee,Published,Disability Rights Tennessee,21,30,51,0,8,0,12,34,1,0,5,0,1,0,0,10,6,25,0,0,0,0,41,26,8,6,2,0,2,0,0,0,0,0,0,19,0,0,2,20,2,1,0,0,0
2017,Texas,Published,Disability Rights Texas,106,174,280,12,120,8,58,143,32,0,41,10,0,0,0,33,41,93,0,1,3,1,172,99,13,4,0,2,27,2,12,13,0,0,0,28,23,2,0,58,39,15,6,1,0
2017,Utah,Published,Disability Law Center,14,82,96,9,15,10,13,67,1,1,1,0,6,0,0,60,0,23,2,0,0,0,85,45,18,5,3,0,15,0,0,1,0,0,0,35,1,2,1,14,16,4,9,4,1
2017,Virgin Islands,Published,Disability Rights Center of the Virgin Islands,9,9,18,1,1,1,3,1,4,1,1,1,1,1,5,10,0,1,0,0,0,0,11,1,2,0,2,0,1,0,0,2,3,0,0,4,1,0,0,0,0,0,4,2,0
2017,Vermont,Published,Vermont Client Assistance Program,13,24,37,1,14,4,16,28,4,0,2,0,3,4,0,2,2,20,5,1,0,0,30,8,2,1,4,0,7,0,0,5,0,0,3,7,0,0,0,3,0,0,1,0,19
2017,Washington,Published,Client Assistance Program,16,105,121,0,15,58,90,63,18,0,101,5,0,8,2,18,45,50,0,8,0,0,121,46,42,26,0,0,1,0,1,5,0,0,0,30,1,10,20,29,19,12,0,0,0
2017,Wisconsin,Published,Wisconsin Client Assistance Program,43,53,96,2,21,48,25,51,2,0,23,0,0,0,0,8,29,11,1,28,0,0,77,32,16,9,3,0,6,4,0,7,0,0,0,30,0,1,5,31,2,6,0,0,0
2017,West Virginia,Published,Disability Rights of West Virginia,10,11,21,1,8,0,6,9,3,0,3,1,0,0,0,8,0,5,0,1,0,0,14,7,4,2,0,0,1,0,0,0,0,0,0,2,1,0,0,0,3,1,1,0,3
2017,Wyoming,Published,"Protection & Advocacy System, Inc.",12,4,16,0,0,0,3,9,1,0,3,0,0,0,0,0,0,16,0,0,0,0,16,13,3,0,0,0,0,0,0,0,0,0,0,0,1,2,0,0,0,1,0,0,0
2017,Alaska,Published,Karen Tessandore,2,16,18,1,2,0,8,8,2,0,1,0,0,0,0,14,0,3,0,0,0,0,17,7,0,2,4,0,0,1,0,3,0,0,0,5,0,0,0,3,4,1,1,0,3
2017,California,Published,Disability Rights California,113,609,722,81,147,111,104,313,91,0,192,0,14,6,4,599,0,44,0,14,15,0,672,211,375,3,2,2,52,0,0,8,19,0,0,507,25,13,4,68,41,4,10,0,0
2017,Indiana,Published,Indiana Protection and Advocacy Services,10,35,45,39,6,0,4,24,2,0,8,4,7,0,0,3,13,22,1,0,1,1,41,31,0,0,6,0,0,0,0,3,0,0,1,4,0,2,3,21,3,1,0,0,6
2017,New Jersey,Published,Disability Rights New Jersey,61,41,102,3,83,1,1,2,20,0,81,0,0,0,0,11,1,6,2,2,0,0,22,15,3,0,0,0,3,0,0,1,0,0,0,1,1,0,3,10,3,0,2,0,2
2017,New Mexico,Published,Disability Rights New Mexico,5,20,25,4,7,30,28,19,2,0,2,0,0,0,2,2,0,13,1,4,0,1,21,14,3,0,1,2,1,0,0,0,0,0,0,1,1,0,0,11,3,3,1,0,1
2017,Nevada,Published,Nevada Disability Advocacy & Law Center,6,22,28,2,4,4,4,15,3,0,3,0,1,0,0,0,0,5,7,14,0,0,26,12,1,3,3,0,1,0,0,6,0,0,0,5,1,0,—,4,6,2,3,0,5
2017,Rhode Island,Published,RHODE ISLAND DISABILITY LAW CENTER INC.,33,16,49,2,29,4,9,22,4,0,8,0,0,0,3,20,0,0,0,0,1,0,21,2,6,2,4,0,6,1,0,0,0,0,0,9,0,0,2,1,2,0,4,0,3
2017,District of Columbia,Published,"University Legal Services, Inc.",13,23,36,6,12,39,34,26,4,0,32,3,0,0,1,6,3,12,1,8,1,0,31,18,6,2,2,0,3,0,0,0,0,0,0,6,0,1,1,19,3,1,0,0,0
2017,Ohio,Published,Disability Rights Ohio,33,97,130,10,19,13,36,79,2,0,3,1,5,1,2,60,38,5,0,18,2,0,123,46,17,14,6,1,5,3,2,22,0,0,—,81,1,0,1,5,23,3,9,0,31
2017,Virginia,Published,disAbility Law Center of Virginia,10,56,66,56,14,5,7,46,8,0,7,0,2,0,0,0,0,31,27,3,0,0,61,40,10,1,2,0,4,0,0,4,0,0,0,9,3,0,1,8,19,2,15,3,1
2017,Oklahoma,Published,Oklahoma Office of Disability Concerns,7,47,54,2,7,10,32,41,4,0,8,0,2,0,0,36,6,12,2,0,0,0,56,24,11,12,0,0,0,4,2,3,0,0,0,7,0,1,0,34,2,2,6,1,3
2017,New York,Published,Disability Rights New York (DRNY),93,210,303,19,66,3,96,175,33,0,13,4,1,1,0,51,107,97,3,1,1,0,260,125,22,21,0,1,43,2,30,18,0,0,0,107,18,8,9,63,24,24,6,0,1
2017,New Mexico,Published,Native American Disability Law Center,4,0,4,0,0,0,1,0,1,0,2,0,0,0,0,0,0,0,0,4,0,0,4,4,0,0,0,0,0,0,0,0,0,0,0,0,1,0,0,1,2,0,0,0,0
2017,Connecticut,Published,Disability Rights Connecticut,0,8,8,0,6,0,1,2,1,0,4,0,0,0,0,0,0,2,0,0,0,0,2,1,0,0,0,0,1,0,0,0,0,0,0,0,0,0,0,2,0,0,0,0,0
2018,Northern Marianas,Published,NMPASI,6,3,9,0,6,0,0,1,3,0,5,0,0,0,0,0,1,1,1,0,0,0,3,1,0,0,1,0,0,0,1,0,0,0,0,0,0,0,0,2,0,0,1,0,0
2018,New Mexico,Published,Native American Disability Law Center,0,2,2,0,1,1,0,0,0,0,1,0,0,0,0,1,0,0,0,0,0,0,1,1,0,0,0,0,0,0,0,0,0,0,0,0,1,0,0,0,0,0,0,0,0
2018,Massachusetts,Published,Massachusetts Office on Disability,23,67,90,1,24,9,27,57,6,0,41,4,1,2,2,33,21,8,0,4,1,0,67,27,6,9,2,0,14,0,0,9,0,0,0,38,1,0,0,13,10,1,2,2,—
2018,Alabama,Published,Alabama Department of Rehabilitation Services,13,30,43,0,6,1,31,21,0,0,0,0,2,0,0,11,14,14,1,0,0,0,40,14,12,6,2,0,2,2,0,3,0,0,0,8,0,0,2,0,3,12,8,6,0
2018,Arkansas,Published,"Disability Rights Arkansas, Inc.",10,24,34,0,5,1,13,15,4,0,0,0,0,1,0,20,0,0,3,6,0,0,29,19,1,1,0,0,4,1,0,3,0,0,0,1,2,2,0,7,7,5,2,0,3
2018,American Samoa,Published,Office of Protection and Advocacy for the Disabled,0,20,20,3,0,54,16,6,10,0,6,12,1,2,0,28,0,4,0,0,0,0,32,16,0,0,0,0,1,0,3,0,0,0,0,0,6,0,2,3,4,1,0,0,0
2018,Arizona,Published,Arizona Center for Disability Law,42,88,130,7,21,2,35,84,4,4,8,2,1,0,0,98,2,14,3,2,0,0,119,79,31,0,0,1,3,1,1,1,2,0,0,33,0,5,2,58,2,6,11,1,0
2018,Colorado,Published,Center for Legal Advocacy,7,16,23,1,7,2,2,13,1,0,4,0,2,0,0,13,0,3,0,1,0,0,17,7,1,0,3,1,2,0,0,1,0,0,2,4,0,0,0,3,2,1,1,0,6
2018,Delaware,Published,"United Cerebral Palsy of Delaware, Inc.",5,11,16,0,5,5,8,3,3,1,6,1,1,1,1,7,2,1,1,0,0,0,11,6,0,1,1,1,2,0,0,0,0,0,0,2,0,1,1,1,4,0,1,4,0
2018,Florida,Published,Disability Rights Florida,44,179,223,13,30,2,38,129,48,2,12,2,1,0,4,4,2,74,0,9,3,0,92,122,42,2,6,0,29,1,1,0,0,0,0,24,21,8,4,1,19,13,3,1,0
2018,Georgia,Published,Martin & Jones,62,39,101,0,11,12,16,76,5,27,6,0,0,0,0,20,14,56,0,0,0,0,90,59,4,17,3,0,6,0,1,0,0,0,0,25,3,0,0,37,15,3,7,0,0
2018,Guam,Published,EDMUND CRUZ,26,17,43,11,43,380,11,13,19,0,39,14,10,45,36,3,7,6,3,5,0,0,24,9,3,4,2,2,0,0,4,0,0,0,0,11,6,5,2,3,2,0,0,0,0
2018,Hawaii,Published,HAWAII DISABILITY RIGHTS CENTER,17,32,49,1,20,4,5,7,27,0,20,1,3,0,0,19,4,6,1,0,0,0,30,15,7,1,2,0,3,0,1,1,0,0,0,11,3,5,2,4,4,0,1,0,0
2018,Iowa,Published,Lisa Schneider,5,19,24,2,2,7,7,7,4,1,4,4,0,1,5,7,2,9,3,1,0,0,22,19,2,0,0,0,0,0,0,0,0,0,1,3,1,2,0,4,1,3,5,3,0
2018,Idaho,Published,"DisAbility Rights Idaho, Inc.",4,32,36,3,7,3,6,10,9,0,7,0,2,0,2,27,0,2,2,0,1,0,32,15,3,1,2,0,9,1,0,1,0,0,0,4,3,1,0,6,5,2,5,1,5
2018,Illinois,Published,Illinois Department of Human Services,4,43,47,0,7,9,27,22,10,0,2,1,2,2,5,13,15,12,7,0,0,0,47,21,2,5,4,1,7,0,0,7,0,0,0,26,1,0,1,3,8,1,1,0,2
2018,Kansas,Published,Disability Rights Center of Kansas,8,45,53,0,13,4,15,30,1,0,2,0,2,0,0,40,0,0,0,1,0,0,41,11,11,8,0,0,6,0,0,4,1,0,0,7,2,0,1,3,18,0,5,0,5
2018,Kentucky,Published,Kentucky Client Assistance Program,2,19,21,0,5,2,9,12,3,3,7,1,0,1,0,7,4,2,3,0,0,0,16,5,0,4,0,0,3,0,1,2,0,0,1,5,1,2,0,3,2,1,2,0,0
2018,Louisiana,Published,Advocacy Center,36,25,61,1,34,2,17,33,6,0,3,0,1,0,0,0,7,10,0,11,0,0,28,17,1,1,1,0,0,3,4,1,0,0,0,5,2,1,0,6,1,1,2,10,0
2018,Maryland,Published,Maryland Division of Rehabilitation Services -DORS,25,29,54,0,4,0,18,15,4,5,11,0,0,0,0,0,0,43,4,3,0,0,50,37,3,7,0,0,0,0,0,3,0,0,0,5,3,3,1,13,17,8,0,0,0
2018,Maine,Published,Bureau of Rehabilitation Services,38,72,110,5,22,110,77,61,4,1,64,0,3,0,0,30,29,27,1,1,0,0,88,62,8,13,1,0,2,0,0,2,0,0,0,19,2,2,2,52,8,2,1,0,0
2018,Michigan,Published,Michigan Protection & Advocacy Service Inc.,26,66,92,5,19,1,47,27,16,0,4,0,1,0,1,0,63,15,0,0,0,0,78,51,6,9,0,0,9,1,0,2,0,0,0,19,2,2,0,20,25,8,2,0,0
2018,Minnesota,Published,Mid-Minnesota Legal Assistance,28,31,59,19,30,8,7,24,3,2,7,0,5,2,0,11,1,17,0,0,0,0,29,12,12,2,2,0,1,0,0,0,0,0,0,5,0,0,1,5,13,0,2,0,3
2018,Missouri,Published,Missouri Protection & Advocacy Services,28,30,58,0,25,1,28,36,13,0,20,0,0,0,0,2,0,27,2,0,2,0,33,17,15,0,0,0,0,1,0,0,0,0,0,4,6,3,0,12,7,1,0,0,0
2018,Mississippi,Published,Mississippi Society for Disabilities,2,14,16,0,2,16,5,11,4,0,0,0,0,0,0,2,0,21,1,0,0,0,24,12,4,0,0,0,0,0,0,0,0,0,0,0,10,2,0,0,3,1,0,0,0
2018,Montana,Published,Disability Rights Montana,21,27,48,1,15,2,15,24,2,0,1,0,5,0,0,3,0,9,9,13,0,0,34,22,2,2,2,0,2,3,1,0,0,0,0,3,1,1,2,6,5,2,4,0,10
2018,North Carolina,Published,Department of Health and Human Services,23,106,129,0,17,1,21,68,12,0,5,3,0,2,0,11,60,39,0,0,1,1,112,55,30,15,0,6,1,2,3,0,0,0,0,30,4,2,0,51,13,6,6,0,0
2018,North Dakota,Published,ND Division of Vocational Rehabilitation,9,19,28,1,5,1,9,16,1,0,1,1,0,0,0,7,0,16,0,0,0,0,23,10,4,2,0,0,3,0,0,2,0,0,2,0,0,1,0,4,2,3,2,4,7
2018,Nebraska,Published,Nebraska VR (Vocational Rehabilitation),4,23,27,0,4,0,16,16,1,2,1,1,0,0,1,1,14,4,1,1,0,0,21,11,2,6,0,0,2,0,0,0,0,0,0,4,3,1,0,1,8,2,0,0,0
2018,New Hampshire,Published,GOVERNOR`S COMMISSION ON DISABILITY,0,30,30,30,0,12,15,21,3,1,16,0,0,1,3,14,9,3,0,0,4,0,30,13,0,5,2,0,0,1,2,7,0,0,0,15,1,0,1,5,3,0,5,0,6
2018,Oregon,Published,Disability Rights Oregon,21,18,39,39,21,1,8,18,2,0,10,1,0,0,0,0,1,13,0,1,3,0,18,7,4,0,0,0,2,1,0,3,0,1,0,1,0,3,0,3,2,2,0,1,6
2018,Pennsylvania,Published,Center for Disability Law & Policy,98,132,230,1,96,10,120,125,17,2,24,0,0,2,0,10,23,99,2,0,0,0,134,107,16,1,0,0,8,0,2,0,0,0,0,30,4,5,17,48,28,2,0,0,0
2018,Puerto Rico,Published,EXECUTIVE OFFICE OF THE COMMONWEALTH OF PUERTO RIC,71,12,83,3,59,0,0,35,12,0,30,1,3,2,3,7,15,2,0,0,0,0,24,12,2,6,0,0,1,0,0,3,0,0,0,11,0,1,2,8,0,0,0,2,0
2018,South Dakota,Published,Disability Rights South Dakota,2,3,5,0,3,0,3,1,1,0,0,0,0,0,0,0,0,1,0,1,0,0,2,1,0,0,1,0,0,0,0,0,0,0,0,0,0,0,0,0,1,0,1,0,0
2018,Tennessee,Published,Disability Rights Tennessee,8,45,53,4,10,6,8,31,1,1,11,0,0,0,0,22,9,15,1,1,0,0,48,30,5,4,0,0,8,0,0,1,0,0,0,22,0,1,0,17,3,1,2,0,2
2018,Texas,Published,Disability Rights Texas,113,173,286,14,139,3,61,140,39,0,45,11,0,0,1,27,37,94,1,0,2,0,161,100,14,5,5,0,18,0,7,11,1,0,0,40,11,0,1,57,27,22,3,0,0
2018,Utah,Published,Disability Law Center,15,51,66,2,10,13,7,41,0,0,1,0,4,0,0,17,0,35,0,2,0,0,54,28,15,5,1,0,5,2,0,0,0,0,2,13,0,2,1,10,12,2,6,3,9
2018,Virgin Islands,Published,Amelia Headley LaMont,8,2,10,10,5,0,2,1,2,1,0,0,1,1,4,4,0,1,0,0,0,0,5,1,3,0,0,0,0,0,0,0,1,0,0,0,1,0,0,1,0,0,1,2,0
2018,Vermont,Published,Vermont Client Assistance Program,14,23,37,3,13,7,16,25,3,0,4,3,3,10,0,12,0,14,0,0,0,0,26,10,4,0,3,0,0,0,0,6,0,0,3,7,0,0,0,4,0,1,1,0,13
2018,Washington,Published,Client Assistance Program,15,114,129,0,17,13,72,66,19,21,66,2,0,18,4,24,43,46,0,16,0,0,129,41,52,26,0,0,0,0,10,0,0,0,0,42,4,13,13,25,23,9,0,0,0
2018,Wisconsin,Published,Wisconsin Client Assistance Program,25,63,88,5,20,63,34,59,1,0,15,0,0,1,0,6,27,8,0,31,0,0,72,31,12,12,3,0,5,6,0,3,0,0,0,35,1,0,3,20,6,3,4,0,0
2018,West Virginia,Published,Disability Rights of West Virginia,9,19,28,3,0,0,4,19,2,0,3,3,2,0,0,26,0,7,0,0,0,0,33,17,4,5,1,0,1,1,0,4,0,0,0,9,2,0,0,7,9,0,2,0,4
2018,Wyoming,Published,"Protection & Advocacy System, Inc.",3,7,10,0,4,0,1,5,3,0,1,0,0,0,0,0,0,6,0,0,0,0,6,4,0,2,0,0,0,0,0,0,0,0,0,2,0,1,0,3,0,0,0,0,0
2018,Alaska,Published,Alaska State Department of Education & Early Dev.,2,10,12,0,2,0,6,5,0,0,1,0,0,0,0,8,0,0,0,2,0,0,10,2,0,2,2,0,2,1,0,1,0,0,0,2,0,0,0,1,4,0,3,0,0
2018,California,Published,Disability Rights California,147,609,756,107,187,124,86,346,35,0,140,0,13,5,7,652,0,30,0,11,8,0,701,266,306,5,2,3,47,6,3,12,51,0,0,578,6,4,8,39,42,9,15,0,0
2018,Indiana,Published,Indiana Protection and Advocacy Services,10,30,40,2,14,1,3,19,3,0,8,0,2,2,0,10,5,5,0,3,1,2,26,5,6,2,9,0,0,0,0,4,0,0,0,9,0,0,1,7,3,0,1,0,5
2018,New Jersey,Published,Disability Rights New Jersey,83,29,112,2,37,1,3,6,13,0,90,0,1,0,0,18,30,28,0,0,0,1,77,35,16,8,3,0,5,0,0,8,0,0,2,14,4,2,9,26,11,3,3,0,5
2018,New Mexico,Published,Disability Rights New Mexico,5,22,27,27,5,29,11,16,1,7,15,0,0,0,2,0,0,0,2,0,0,0,2,19,2,0,0,0,2,0,0,0,0,0,0,0,2,0,0,13,5,1,2,0,0
2018,Nevada,Published,Nevada Disability Advocacy & Law Center,4,12,16,0,3,2,0,7,0,0,7,0,0,0,0,0,0,3,0,10,0,0,13,2,2,0,4,0,1,0,0,4,0,0,0,2,0,1,0,2,0,0,3,0,5
2018,Rhode Island,Published,RHODE ISLAND DISABILITY LAW CENTER INC.,29,8,37,0,24,2,7,18,1,0,7,0,0,0,2,12,0,1,0,0,0,0,13,3,5,0,1,0,4,0,0,0,0,0,0,5,0,0,1,1,4,0,0,0,2
2018,District of Columbia,Published,"University Legal Services, Inc.",11,23,34,0,8,28,27,27,3,0,31,2,0,0,0,3,7,12,0,2,2,0,26,17,2,3,2,0,0,1,0,1,0,0,0,9,0,1,1,13,0,0,0,0,2
2018,Ohio,Published,Disability Rights Ohio,19,83,102,6,34,10,28,34,5,0,2,0,3,0,26,51,14,4,2,2,0,1,74,32,19,4,6,1,0,1,0,11,0,0,0,38,0,0,0,7,7,2,13,1,6
2018,Virginia,Published,disAbility Law Center of Virginia,14,55,69,5,13,2,10,34,20,0,1,1,0,0,6,13,10,29,1,7,1,0,61,39,11,3,1,0,4,1,0,2,0,0,0,10,3,0,2,3,19,6,8,2,0
2018,Oklahoma,Published,Oklahoma Office of Disability Concerns,7,45,52,2,13,1,26,38,4,0,6,0,0,0,0,20,1,27,2,2,0,0,52,25,9,9,0,1,4,2,0,0,0,0,0,13,3,2,0,21,7,0,4,0,1
2018,New York,Published,Disability Rights New York (DRNY),64,182,246,22,60,7,58,170,21,0,11,2,3,0,0,43,85,71,5,7,1,0,212,98,26,11,4,1,37,0,24,11,0,0,0,88,12,1,10,47,32,14,7,0,1
2018,South Carolina,Published,Protection & Advocacy for People with Disabilities,0,51,51,1,30,5,8,16,8,0,9,0,0,1,6,20,0,2,0,0,0,0,22,7,5,0,1,1,7,0,1,0,0,0,0,5,2,0,0,0,2,1,3,1,8
2018,Connecticut,Published,Disability Rights Connecticut,6,8,14,1,12,0,7,8,0,0,0,0,0,0,0,1,0,0,0,1,1,0,3,2,0,0,0,0,0,0,0,1,0,0,0,0,0,0,0,2,0,0,1,0,0
